# 7x7 patch in raster order, then expected centre y6 (hex)
# each block is preceded by the config it was generated under
# trained: channels=[1, 8, 8, 1] shifts=[2, 3, 5]
0 0 0 0 0 0 0 0 0 0 0 0 0 0 0 0 0 0 0 0 0 0 0 0 0 0 0 0 0 0 0 0 0 0 0 0 0 0 0 0 0 0 0 0 0 0 0 0 0 00
1 1 1 1 1 1 1 1 1 1 1 1 1 1 1 1 1 1 1 1 1 1 1 1 1 1 1 1 1 1 1 1 1 1 1 1 1 1 1 1 1 1 1 1 1 1 1 1 1 04
2 2 2 2 2 2 2 2 2 2 2 2 2 2 2 2 2 2 2 2 2 2 2 2 2 2 2 2 2 2 2 2 2 2 2 2 2 2 2 2 2 2 2 2 2 2 2 2 2 08
3 3 3 3 3 3 3 3 3 3 3 3 3 3 3 3 3 3 3 3 3 3 3 3 3 3 3 3 3 3 3 3 3 3 3 3 3 3 3 3 3 3 3 3 3 3 3 3 3 0D
4 4 4 4 4 4 4 4 4 4 4 4 4 4 4 4 4 4 4 4 4 4 4 4 4 4 4 4 4 4 4 4 4 4 4 4 4 4 4 4 4 4 4 4 4 4 4 4 4 11
5 5 5 5 5 5 5 5 5 5 5 5 5 5 5 5 5 5 5 5 5 5 5 5 5 5 5 5 5 5 5 5 5 5 5 5 5 5 5 5 5 5 5 5 5 5 5 5 5 15
6 6 6 6 6 6 6 6 6 6 6 6 6 6 6 6 6 6 6 6 6 6 6 6 6 6 6 6 6 6 6 6 6 6 6 6 6 6 6 6 6 6 6 6 6 6 6 6 6 19
7 7 7 7 7 7 7 7 7 7 7 7 7 7 7 7 7 7 7 7 7 7 7 7 7 7 7 7 7 7 7 7 7 7 7 7 7 7 7 7 7 7 7 7 7 7 7 7 7 1E
8 8 8 8 8 8 8 8 8 8 8 8 8 8 8 8 8 8 8 8 8 8 8 8 8 8 8 8 8 8 8 8 8 8 8 8 8 8 8 8 8 8 8 8 8 8 8 8 8 22
9 9 9 9 9 9 9 9 9 9 9 9 9 9 9 9 9 9 9 9 9 9 9 9 9 9 9 9 9 9 9 9 9 9 9 9 9 9 9 9 9 9 9 9 9 9 9 9 9 26
A A A A A A A A A A A A A A A A A A A A A A A A A A A A A A A A A A A A A A A A A A A A A A A A A 2A
B B B B B B B B B B B B B B B B B B B B B B B B B B B B B B B B B B B B B B B B B B B B B B B B B 2F
C C C C C C C C C C C C C C C C C C C C C C C C C C C C C C C C C C C C C C C C C C C C C C C C C 33
D D D D D D D D D D D D D D D D D D D D D D D D D D D D D D D D D D D D D D D D D D D D D D D D D 37
E E E E E E E E E E E E E E E E E E E E E E E E E E E E E E E E E E E E E E E E E E E E E E E E E 3B
F F F F F F F F F F F F F F F F F F F F F F F F F F F F F F F F F F F F F F F F F F F F F F F F F 3F
F 0 0 0 0 0 0 0 0 0 0 0 0 0 0 0 0 0 0 0 0 0 0 0 0 0 0 0 0 0 0 0 0 0 0 0 0 0 0 0 0 0 0 0 0 0 0 0 0 00
0 F 0 0 0 0 0 0 0 0 0 0 0 0 0 0 0 0 0 0 0 0 0 0 0 0 0 0 0 0 0 0 0 0 0 0 0 0 0 0 0 0 0 0 0 0 0 0 0 00
0 0 F 0 0 0 0 0 0 0 0 0 0 0 0 0 0 0 0 0 0 0 0 0 0 0 0 0 0 0 0 0 0 0 0 0 0 0 0 0 0 0 0 0 0 0 0 0 0 00
0 0 0 F 0 0 0 0 0 0 0 0 0 0 0 0 0 0 0 0 0 0 0 0 0 0 0 0 0 0 0 0 0 0 0 0 0 0 0 0 0 0 0 0 0 0 0 0 0 00
0 0 0 0 F 0 0 0 0 0 0 0 0 0 0 0 0 0 0 0 0 0 0 0 0 0 0 0 0 0 0 0 0 0 0 0 0 0 0 0 0 0 0 0 0 0 0 0 0 00
0 0 0 0 0 F 0 0 0 0 0 0 0 0 0 0 0 0 0 0 0 0 0 0 0 0 0 0 0 0 0 0 0 0 0 0 0 0 0 0 0 0 0 0 0 0 0 0 0 00
0 0 0 0 0 0 F 0 0 0 0 0 0 0 0 0 0 0 0 0 0 0 0 0 0 0 0 0 0 0 0 0 0 0 0 0 0 0 0 0 0 0 0 0 0 0 0 0 0 00
0 0 0 0 0 0 0 F 0 0 0 0 0 0 0 0 0 0 0 0 0 0 0 0 0 0 0 0 0 0 0 0 0 0 0 0 0 0 0 0 0 0 0 0 0 0 0 0 0 00
0 0 0 0 0 0 0 0 F 0 0 0 0 0 0 0 0 0 0 0 0 0 0 0 0 0 0 0 0 0 0 0 0 0 0 0 0 0 0 0 0 0 0 0 0 0 0 0 0 00
0 0 0 0 0 0 0 0 0 F 0 0 0 0 0 0 0 0 0 0 0 0 0 0 0 0 0 0 0 0 0 0 0 0 0 0 0 0 0 0 0 0 0 0 0 0 0 0 0 00
0 0 0 0 0 0 0 0 0 0 F 0 0 0 0 0 0 0 0 0 0 0 0 0 0 0 0 0 0 0 0 0 0 0 0 0 0 0 0 0 0 0 0 0 0 0 0 0 0 00
0 0 0 0 0 0 0 0 0 0 0 F 0 0 0 0 0 0 0 0 0 0 0 0 0 0 0 0 0 0 0 0 0 0 0 0 0 0 0 0 0 0 0 0 0 0 0 0 0 00
0 0 0 0 0 0 0 0 0 0 0 0 F 0 0 0 0 0 0 0 0 0 0 0 0 0 0 0 0 0 0 0 0 0 0 0 0 0 0 0 0 0 0 0 0 0 0 0 0 00
0 0 0 0 0 0 0 0 0 0 0 0 0 F 0 0 0 0 0 0 0 0 0 0 0 0 0 0 0 0 0 0 0 0 0 0 0 0 0 0 0 0 0 0 0 0 0 0 0 00
0 0 0 0 0 0 0 0 0 0 0 0 0 0 F 0 0 0 0 0 0 0 0 0 0 0 0 0 0 0 0 0 0 0 0 0 0 0 0 0 0 0 0 0 0 0 0 0 0 00
0 0 0 0 0 0 0 0 0 0 0 0 0 0 0 F 0 0 0 0 0 0 0 0 0 0 0 0 0 0 0 0 0 0 0 0 0 0 0 0 0 0 0 0 0 0 0 0 0 00
0 0 0 0 0 0 0 0 0 0 0 0 0 0 0 0 F 0 0 0 0 0 0 0 0 0 0 0 0 0 0 0 0 0 0 0 0 0 0 0 0 0 0 0 0 0 0 0 0 00
0 0 0 0 0 0 0 0 0 0 0 0 0 0 0 0 0 F 0 0 0 0 0 0 0 0 0 0 0 0 0 0 0 0 0 0 0 0 0 0 0 0 0 0 0 0 0 0 0 00
0 0 0 0 0 0 0 0 0 0 0 0 0 0 0 0 0 0 F 0 0 0 0 0 0 0 0 0 0 0 0 0 0 0 0 0 0 0 0 0 0 0 0 0 0 0 0 0 0 00
0 0 0 0 0 0 0 0 0 0 0 0 0 0 0 0 0 0 0 F 0 0 0 0 0 0 0 0 0 0 0 0 0 0 0 0 0 0 0 0 0 0 0 0 0 0 0 0 0 00
0 0 0 0 0 0 0 0 0 0 0 0 0 0 0 0 0 0 0 0 F 0 0 0 0 0 0 0 0 0 0 0 0 0 0 0 0 0 0 0 0 0 0 0 0 0 0 0 0 00
0 0 0 0 0 0 0 0 0 0 0 0 0 0 0 0 0 0 0 0 0 F 0 0 0 0 0 0 0 0 0 0 0 0 0 0 0 0 0 0 0 0 0 0 0 0 0 0 0 00
0 0 0 0 0 0 0 0 0 0 0 0 0 0 0 0 0 0 0 0 0 0 F 0 0 0 0 0 0 0 0 0 0 0 0 0 0 0 0 0 0 0 0 0 0 0 0 0 0 02
0 0 0 0 0 0 0 0 0 0 0 0 0 0 0 0 0 0 0 0 0 0 0 F 0 0 0 0 0 0 0 0 0 0 0 0 0 0 0 0 0 0 0 0 0 0 0 0 0 04
0 0 0 0 0 0 0 0 0 0 0 0 0 0 0 0 0 0 0 0 0 0 0 0 F 0 0 0 0 0 0 0 0 0 0 0 0 0 0 0 0 0 0 0 0 0 0 0 0 32
0 0 0 0 0 0 0 0 0 0 0 0 0 0 0 0 0 0 0 0 0 0 0 0 0 F 0 0 0 0 0 0 0 0 0 0 0 0 0 0 0 0 0 0 0 0 0 0 0 02
0 0 0 0 0 0 0 0 0 0 0 0 0 0 0 0 0 0 0 0 0 0 0 0 0 0 F 0 0 0 0 0 0 0 0 0 0 0 0 0 0 0 0 0 0 0 0 0 0 00
0 0 0 0 0 0 0 0 0 0 0 0 0 0 0 0 0 0 0 0 0 0 0 0 0 0 0 F 0 0 0 0 0 0 0 0 0 0 0 0 0 0 0 0 0 0 0 0 0 00
0 0 0 0 0 0 0 0 0 0 0 0 0 0 0 0 0 0 0 0 0 0 0 0 0 0 0 0 F 0 0 0 0 0 0 0 0 0 0 0 0 0 0 0 0 0 0 0 0 00
0 0 0 0 0 0 0 0 0 0 0 0 0 0 0 0 0 0 0 0 0 0 0 0 0 0 0 0 0 F 0 0 0 0 0 0 0 0 0 0 0 0 0 0 0 0 0 0 0 00
0 0 0 0 0 0 0 0 0 0 0 0 0 0 0 0 0 0 0 0 0 0 0 0 0 0 0 0 0 0 F 0 0 0 0 0 0 0 0 0 0 0 0 0 0 0 0 0 0 01
0 0 0 0 0 0 0 0 0 0 0 0 0 0 0 0 0 0 0 0 0 0 0 0 0 0 0 0 0 0 0 F 0 0 0 0 0 0 0 0 0 0 0 0 0 0 0 0 0 00
0 0 0 0 0 0 0 0 0 0 0 0 0 0 0 0 0 0 0 0 0 0 0 0 0 0 0 0 0 0 0 0 F 0 0 0 0 0 0 0 0 0 0 0 0 0 0 0 0 00
0 0 0 0 0 0 0 0 0 0 0 0 0 0 0 0 0 0 0 0 0 0 0 0 0 0 0 0 0 0 0 0 0 F 0 0 0 0 0 0 0 0 0 0 0 0 0 0 0 00
0 0 0 0 0 0 0 0 0 0 0 0 0 0 0 0 0 0 0 0 0 0 0 0 0 0 0 0 0 0 0 0 0 0 F 0 0 0 0 0 0 0 0 0 0 0 0 0 0 00
0 0 0 0 0 0 0 0 0 0 0 0 0 0 0 0 0 0 0 0 0 0 0 0 0 0 0 0 0 0 0 0 0 0 0 F 0 0 0 0 0 0 0 0 0 0 0 0 0 00
0 0 0 0 0 0 0 0 0 0 0 0 0 0 0 0 0 0 0 0 0 0 0 0 0 0 0 0 0 0 0 0 0 0 0 0 F 0 0 0 0 0 0 0 0 0 0 0 0 01
0 0 0 0 0 0 0 0 0 0 0 0 0 0 0 0 0 0 0 0 0 0 0 0 0 0 0 0 0 0 0 0 0 0 0 0 0 F 0 0 0 0 0 0 0 0 0 0 0 00
0 0 0 0 0 0 0 0 0 0 0 0 0 0 0 0 0 0 0 0 0 0 0 0 0 0 0 0 0 0 0 0 0 0 0 0 0 0 F 0 0 0 0 0 0 0 0 0 0 00
0 0 0 0 0 0 0 0 0 0 0 0 0 0 0 0 0 0 0 0 0 0 0 0 0 0 0 0 0 0 0 0 0 0 0 0 0 0 0 F 0 0 0 0 0 0 0 0 0 00
0 0 0 0 0 0 0 0 0 0 0 0 0 0 0 0 0 0 0 0 0 0 0 0 0 0 0 0 0 0 0 0 0 0 0 0 0 0 0 0 F 0 0 0 0 0 0 0 0 00
0 0 0 0 0 0 0 0 0 0 0 0 0 0 0 0 0 0 0 0 0 0 0 0 0 0 0 0 0 0 0 0 0 0 0 0 0 0 0 0 0 F 0 0 0 0 0 0 0 00
0 0 0 0 0 0 0 0 0 0 0 0 0 0 0 0 0 0 0 0 0 0 0 0 0 0 0 0 0 0 0 0 0 0 0 0 0 0 0 0 0 0 F 0 0 0 0 0 0 00
0 0 0 0 0 0 0 0 0 0 0 0 0 0 0 0 0 0 0 0 0 0 0 0 0 0 0 0 0 0 0 0 0 0 0 0 0 0 0 0 0 0 0 F 0 0 0 0 0 00
0 0 0 0 0 0 0 0 0 0 0 0 0 0 0 0 0 0 0 0 0 0 0 0 0 0 0 0 0 0 0 0 0 0 0 0 0 0 0 0 0 0 0 0 F 0 0 0 0 00
0 0 0 0 0 0 0 0 0 0 0 0 0 0 0 0 0 0 0 0 0 0 0 0 0 0 0 0 0 0 0 0 0 0 0 0 0 0 0 0 0 0 0 0 0 F 0 0 0 00
0 0 0 0 0 0 0 0 0 0 0 0 0 0 0 0 0 0 0 0 0 0 0 0 0 0 0 0 0 0 0 0 0 0 0 0 0 0 0 0 0 0 0 0 0 0 F 0 0 00
0 0 0 0 0 0 0 0 0 0 0 0 0 0 0 0 0 0 0 0 0 0 0 0 0 0 0 0 0 0 0 0 0 0 0 0 0 0 0 0 0 0 0 0 0 0 0 F 0 00
0 0 0 0 0 0 0 0 0 0 0 0 0 0 0 0 0 0 0 0 0 0 0 0 0 0 0 0 0 0 0 0 0 0 0 0 0 0 0 0 0 0 0 0 0 0 0 0 F 00
0 F F F F F F F F F F F F F F F F F F F F F F F F F F F F F F F F F F F F F F F F F F F F F F F F 3F
F 0 F F F F F F F F F F F F F F F F F F F F F F F F F F F F F F F F F F F F F F F F F F F F F F F 3F
F F 0 F F F F F F F F F F F F F F F F F F F F F F F F F F F F F F F F F F F F F F F F F F F F F F 3F
F F F 0 F F F F F F F F F F F F F F F F F F F F F F F F F F F F F F F F F F F F F F F F F F F F F 3F
F F F F 0 F F F F F F F F F F F F F F F F F F F F F F F F F F F F F F F F F F F F F F F F F F F F 3F
F F F F F 0 F F F F F F F F F F F F F F F F F F F F F F F F F F F F F F F F F F F F F F F F F F F 3F
F F F F F F 0 F F F F F F F F F F F F F F F F F F F F F F F F F F F F F F F F F F F F F F F F F F 3F
F F F F F F F 0 F F F F F F F F F F F F F F F F F F F F F F F F F F F F F F F F F F F F F F F F F 3F
F F F F F F F F 0 F F F F F F F F F F F F F F F F F F F F F F F F F F F F F F F F F F F F F F F F 3F
F F F F F F F F F 0 F F F F F F F F F F F F F F F F F F F F F F F F F F F F F F F F F F F F F F F 3F
F F F F F F F F F F 0 F F F F F F F F F F F F F F F F F F F F F F F F F F F F F F F F F F F F F F 3E
F F F F F F F F F F F 0 F F F F F F F F F F F F F F F F F F F F F F F F F F F F F F F F F F F F F 3F
F F F F F F F F F F F F 0 F F F F F F F F F F F F F F F F F F F F F F F F F F F F F F F F F F F F 3F
F F F F F F F F F F F F F 0 F F F F F F F F F F F F F F F F F F F F F F F F F F F F F F F F F F F 3F
F F F F F F F F F F F F F F 0 F F F F F F F F F F F F F F F F F F F F F F F F F F F F F F F F F F 3F
F F F F F F F F F F F F F F F 0 F F F F F F F F F F F F F F F F F F F F F F F F F F F F F F F F F 3F
F F F F F F F F F F F F F F F F 0 F F F F F F F F F F F F F F F F F F F F F F F F F F F F F F F F 3F
F F F F F F F F F F F F F F F F F 0 F F F F F F F F F F F F F F F F F F F F F F F F F F F F F F F 3F
F F F F F F F F F F F F F F F F F F 0 F F F F F F F F F F F F F F F F F F F F F F F F F F F F F F 3B
F F F F F F F F F F F F F F F F F F F 0 F F F F F F F F F F F F F F F F F F F F F F F F F F F F F 3F
F F F F F F F F F F F F F F F F F F F F 0 F F F F F F F F F F F F F F F F F F F F F F F F F F F F 3F
F F F F F F F F F F F F F F F F F F F F F 0 F F F F F F F F F F F F F F F F F F F F F F F F F F F 3F
F F F F F F F F F F F F F F F F F F F F F F 0 F F F F F F F F F F F F F F F F F F F F F F F F F F 3F
F F F F F F F F F F F F F F F F F F F F F F F 0 F F F F F F F F F F F F F F F F F F F F F F F F F 3F
F F F F F F F F F F F F F F F F F F F F F F F F 0 F F F F F F F F F F F F F F F F F F F F F F F F 0F
F F F F F F F F F F F F F F F F F F F F F F F F F 0 F F F F F F F F F F F F F F F F F F F F F F F 3C
F F F F F F F F F F F F F F F F F F F F F F F F F F 0 F F F F F F F F F F F F F F F F F F F F F F 3D
F F F F F F F F F F F F F F F F F F F F F F F F F F F 0 F F F F F F F F F F F F F F F F F F F F F 3F
F F F F F F F F F F F F F F F F F F F F F F F F F F F F 0 F F F F F F F F F F F F F F F F F F F F 3F
F F F F F F F F F F F F F F F F F F F F F F F F F F F F F 0 F F F F F F F F F F F F F F F F F F F 3E
F F F F F F F F F F F F F F F F F F F F F F F F F F F F F F 0 F F F F F F F F F F F F F F F F F F 3F
F F F F F F F F F F F F F F F F F F F F F F F F F F F F F F F 0 F F F F F F F F F F F F F F F F F 3F
F F F F F F F F F F F F F F F F F F F F F F F F F F F F F F F F 0 F F F F F F F F F F F F F F F F 3C
F F F F F F F F F F F F F F F F F F F F F F F F F F F F F F F F F 0 F F F F F F F F F F F F F F F 3F
F F F F F F F F F F F F F F F F F F F F F F F F F F F F F F F F F F 0 F F F F F F F F F F F F F F 3E
F F F F F F F F F F F F F F F F F F F F F F F F F F F F F F F F F F F 0 F F F F F F F F F F F F F 3F
F F F F F F F F F F F F F F F F F F F F F F F F F F F F F F F F F F F F 0 F F F F F F F F F F F F 3E
F F F F F F F F F F F F F F F F F F F F F F F F F F F F F F F F F F F F F 0 F F F F F F F F F F F 3E
F F F F F F F F F F F F F F F F F F F F F F F F F F F F F F F F F F F F F F 0 F F F F F F F F F F 3F
F F F F F F F F F F F F F F F F F F F F F F F F F F F F F F F F F F F F F F F 0 F F F F F F F F F 3D
F F F F F F F F F F F F F F F F F F F F F F F F F F F F F F F F F F F F F F F F 0 F F F F F F F F 3E
F F F F F F F F F F F F F F F F F F F F F F F F F F F F F F F F F F F F F F F F F 0 F F F F F F F 3F
F F F F F F F F F F F F F F F F F F F F F F F F F F F F F F F F F F F F F F F F F F 0 F F F F F F 3F
F F F F F F F F F F F F F F F F F F F F F F F F F F F F F F F F F F F F F F F F F F F 0 F F F F F 3F
F F F F F F F F F F F F F F F F F F F F F F F F F F F F F F F F F F F F F F F F F F F F 0 F F F F 3F
F F F F F F F F F F F F F F F F F F F F F F F F F F F F F F F F F F F F F F F F F F F F F 0 F F F 3F
F F F F F F F F F F F F F F F F F F F F F F F F F F F F F F F F F F F F F F F F F F F F F F 0 F F 3F
F F F F F F F F F F F F F F F F F F F F F F F F F F F F F F F F F F F F F F F F F F F F F F F 0 F 3F
F F F F F F F F F F F F F F F F F F F F F F F F F F F F F F F F F F F F F F F F F F F F F F F F 0 3F
F 7 7 7 7 7 7 7 7 7 7 7 7 7 7 7 7 7 7 7 7 7 7 7 7 7 7 7 7 7 7 7 7 7 7 7 7 7 7 7 7 7 7 7 7 7 7 7 7 1E
7 F 7 7 7 7 7 7 7 7 7 7 7 7 7 7 7 7 7 7 7 7 7 7 7 7 7 7 7 7 7 7 7 7 7 7 7 7 7 7 7 7 7 7 7 7 7 7 7 1D
7 7 F 7 7 7 7 7 7 7 7 7 7 7 7 7 7 7 7 7 7 7 7 7 7 7 7 7 7 7 7 7 7 7 7 7 7 7 7 7 7 7 7 7 7 7 7 7 7 1E
7 7 7 F 7 7 7 7 7 7 7 7 7 7 7 7 7 7 7 7 7 7 7 7 7 7 7 7 7 7 7 7 7 7 7 7 7 7 7 7 7 7 7 7 7 7 7 7 7 1E
7 7 7 7 F 7 7 7 7 7 7 7 7 7 7 7 7 7 7 7 7 7 7 7 7 7 7 7 7 7 7 7 7 7 7 7 7 7 7 7 7 7 7 7 7 7 7 7 7 1D
7 7 7 7 7 F 7 7 7 7 7 7 7 7 7 7 7 7 7 7 7 7 7 7 7 7 7 7 7 7 7 7 7 7 7 7 7 7 7 7 7 7 7 7 7 7 7 7 7 1D
7 7 7 7 7 7 F 7 7 7 7 7 7 7 7 7 7 7 7 7 7 7 7 7 7 7 7 7 7 7 7 7 7 7 7 7 7 7 7 7 7 7 7 7 7 7 7 7 7 1D
7 7 7 7 7 7 7 F 7 7 7 7 7 7 7 7 7 7 7 7 7 7 7 7 7 7 7 7 7 7 7 7 7 7 7 7 7 7 7 7 7 7 7 7 7 7 7 7 7 1D
7 7 7 7 7 7 7 7 F 7 7 7 7 7 7 7 7 7 7 7 7 7 7 7 7 7 7 7 7 7 7 7 7 7 7 7 7 7 7 7 7 7 7 7 7 7 7 7 7 1F
7 7 7 7 7 7 7 7 7 F 7 7 7 7 7 7 7 7 7 7 7 7 7 7 7 7 7 7 7 7 7 7 7 7 7 7 7 7 7 7 7 7 7 7 7 7 7 7 7 1E
7 7 7 7 7 7 7 7 7 7 F 7 7 7 7 7 7 7 7 7 7 7 7 7 7 7 7 7 7 7 7 7 7 7 7 7 7 7 7 7 7 7 7 7 7 7 7 7 7 1F
7 7 7 7 7 7 7 7 7 7 7 F 7 7 7 7 7 7 7 7 7 7 7 7 7 7 7 7 7 7 7 7 7 7 7 7 7 7 7 7 7 7 7 7 7 7 7 7 7 1E
7 7 7 7 7 7 7 7 7 7 7 7 F 7 7 7 7 7 7 7 7 7 7 7 7 7 7 7 7 7 7 7 7 7 7 7 7 7 7 7 7 7 7 7 7 7 7 7 7 1D
7 7 7 7 7 7 7 7 7 7 7 7 7 F 7 7 7 7 7 7 7 7 7 7 7 7 7 7 7 7 7 7 7 7 7 7 7 7 7 7 7 7 7 7 7 7 7 7 7 1D
7 7 7 7 7 7 7 7 7 7 7 7 7 7 F 7 7 7 7 7 7 7 7 7 7 7 7 7 7 7 7 7 7 7 7 7 7 7 7 7 7 7 7 7 7 7 7 7 7 1E
7 7 7 7 7 7 7 7 7 7 7 7 7 7 7 F 7 7 7 7 7 7 7 7 7 7 7 7 7 7 7 7 7 7 7 7 7 7 7 7 7 7 7 7 7 7 7 7 7 1E
7 7 7 7 7 7 7 7 7 7 7 7 7 7 7 7 F 7 7 7 7 7 7 7 7 7 7 7 7 7 7 7 7 7 7 7 7 7 7 7 7 7 7 7 7 7 7 7 7 1F
7 7 7 7 7 7 7 7 7 7 7 7 7 7 7 7 7 F 7 7 7 7 7 7 7 7 7 7 7 7 7 7 7 7 7 7 7 7 7 7 7 7 7 7 7 7 7 7 7 1C
7 7 7 7 7 7 7 7 7 7 7 7 7 7 7 7 7 7 F 7 7 7 7 7 7 7 7 7 7 7 7 7 7 7 7 7 7 7 7 7 7 7 7 7 7 7 7 7 7 1F
7 7 7 7 7 7 7 7 7 7 7 7 7 7 7 7 7 7 7 F 7 7 7 7 7 7 7 7 7 7 7 7 7 7 7 7 7 7 7 7 7 7 7 7 7 7 7 7 7 1E
7 7 7 7 7 7 7 7 7 7 7 7 7 7 7 7 7 7 7 7 F 7 7 7 7 7 7 7 7 7 7 7 7 7 7 7 7 7 7 7 7 7 7 7 7 7 7 7 7 1E
7 7 7 7 7 7 7 7 7 7 7 7 7 7 7 7 7 7 7 7 7 F 7 7 7 7 7 7 7 7 7 7 7 7 7 7 7 7 7 7 7 7 7 7 7 7 7 7 7 1E
7 7 7 7 7 7 7 7 7 7 7 7 7 7 7 7 7 7 7 7 7 7 F 7 7 7 7 7 7 7 7 7 7 7 7 7 7 7 7 7 7 7 7 7 7 7 7 7 7 1F
7 7 7 7 7 7 7 7 7 7 7 7 7 7 7 7 7 7 7 7 7 7 7 F 7 7 7 7 7 7 7 7 7 7 7 7 7 7 7 7 7 7 7 7 7 7 7 7 7 20
7 7 7 7 7 7 7 7 7 7 7 7 7 7 7 7 7 7 7 7 7 7 7 7 F 7 7 7 7 7 7 7 7 7 7 7 7 7 7 7 7 7 7 7 7 7 7 7 7 2D
7 7 7 7 7 7 7 7 7 7 7 7 7 7 7 7 7 7 7 7 7 7 7 7 7 F 7 7 7 7 7 7 7 7 7 7 7 7 7 7 7 7 7 7 7 7 7 7 7 1E
7 7 7 7 7 7 7 7 7 7 7 7 7 7 7 7 7 7 7 7 7 7 7 7 7 7 F 7 7 7 7 7 7 7 7 7 7 7 7 7 7 7 7 7 7 7 7 7 7 1F
7 7 7 7 7 7 7 7 7 7 7 7 7 7 7 7 7 7 7 7 7 7 7 7 7 7 7 F 7 7 7 7 7 7 7 7 7 7 7 7 7 7 7 7 7 7 7 7 7 1E
7 7 7 7 7 7 7 7 7 7 7 7 7 7 7 7 7 7 7 7 7 7 7 7 7 7 7 7 F 7 7 7 7 7 7 7 7 7 7 7 7 7 7 7 7 7 7 7 7 1D
7 7 7 7 7 7 7 7 7 7 7 7 7 7 7 7 7 7 7 7 7 7 7 7 7 7 7 7 7 F 7 7 7 7 7 7 7 7 7 7 7 7 7 7 7 7 7 7 7 1E
7 7 7 7 7 7 7 7 7 7 7 7 7 7 7 7 7 7 7 7 7 7 7 7 7 7 7 7 7 7 F 7 7 7 7 7 7 7 7 7 7 7 7 7 7 7 7 7 7 1F
7 7 7 7 7 7 7 7 7 7 7 7 7 7 7 7 7 7 7 7 7 7 7 7 7 7 7 7 7 7 7 F 7 7 7 7 7 7 7 7 7 7 7 7 7 7 7 7 7 1C
7 7 7 7 7 7 7 7 7 7 7 7 7 7 7 7 7 7 7 7 7 7 7 7 7 7 7 7 7 7 7 7 F 7 7 7 7 7 7 7 7 7 7 7 7 7 7 7 7 1E
7 7 7 7 7 7 7 7 7 7 7 7 7 7 7 7 7 7 7 7 7 7 7 7 7 7 7 7 7 7 7 7 7 F 7 7 7 7 7 7 7 7 7 7 7 7 7 7 7 1E
7 7 7 7 7 7 7 7 7 7 7 7 7 7 7 7 7 7 7 7 7 7 7 7 7 7 7 7 7 7 7 7 7 7 F 7 7 7 7 7 7 7 7 7 7 7 7 7 7 1E
7 7 7 7 7 7 7 7 7 7 7 7 7 7 7 7 7 7 7 7 7 7 7 7 7 7 7 7 7 7 7 7 7 7 7 F 7 7 7 7 7 7 7 7 7 7 7 7 7 1D
7 7 7 7 7 7 7 7 7 7 7 7 7 7 7 7 7 7 7 7 7 7 7 7 7 7 7 7 7 7 7 7 7 7 7 7 F 7 7 7 7 7 7 7 7 7 7 7 7 1E
7 7 7 7 7 7 7 7 7 7 7 7 7 7 7 7 7 7 7 7 7 7 7 7 7 7 7 7 7 7 7 7 7 7 7 7 7 F 7 7 7 7 7 7 7 7 7 7 7 1D
7 7 7 7 7 7 7 7 7 7 7 7 7 7 7 7 7 7 7 7 7 7 7 7 7 7 7 7 7 7 7 7 7 7 7 7 7 7 F 7 7 7 7 7 7 7 7 7 7 1D
7 7 7 7 7 7 7 7 7 7 7 7 7 7 7 7 7 7 7 7 7 7 7 7 7 7 7 7 7 7 7 7 7 7 7 7 7 7 7 F 7 7 7 7 7 7 7 7 7 1E
7 7 7 7 7 7 7 7 7 7 7 7 7 7 7 7 7 7 7 7 7 7 7 7 7 7 7 7 7 7 7 7 7 7 7 7 7 7 7 7 F 7 7 7 7 7 7 7 7 1D
7 7 7 7 7 7 7 7 7 7 7 7 7 7 7 7 7 7 7 7 7 7 7 7 7 7 7 7 7 7 7 7 7 7 7 7 7 7 7 7 7 F 7 7 7 7 7 7 7 1D
7 7 7 7 7 7 7 7 7 7 7 7 7 7 7 7 7 7 7 7 7 7 7 7 7 7 7 7 7 7 7 7 7 7 7 7 7 7 7 7 7 7 F 7 7 7 7 7 7 1E
7 7 7 7 7 7 7 7 7 7 7 7 7 7 7 7 7 7 7 7 7 7 7 7 7 7 7 7 7 7 7 7 7 7 7 7 7 7 7 7 7 7 7 F 7 7 7 7 7 1E
7 7 7 7 7 7 7 7 7 7 7 7 7 7 7 7 7 7 7 7 7 7 7 7 7 7 7 7 7 7 7 7 7 7 7 7 7 7 7 7 7 7 7 7 F 7 7 7 7 1E
7 7 7 7 7 7 7 7 7 7 7 7 7 7 7 7 7 7 7 7 7 7 7 7 7 7 7 7 7 7 7 7 7 7 7 7 7 7 7 7 7 7 7 7 7 F 7 7 7 1E
7 7 7 7 7 7 7 7 7 7 7 7 7 7 7 7 7 7 7 7 7 7 7 7 7 7 7 7 7 7 7 7 7 7 7 7 7 7 7 7 7 7 7 7 7 7 F 7 7 1D
7 7 7 7 7 7 7 7 7 7 7 7 7 7 7 7 7 7 7 7 7 7 7 7 7 7 7 7 7 7 7 7 7 7 7 7 7 7 7 7 7 7 7 7 7 7 7 F 7 1D
7 7 7 7 7 7 7 7 7 7 7 7 7 7 7 7 7 7 7 7 7 7 7 7 7 7 7 7 7 7 7 7 7 7 7 7 7 7 7 7 7 7 7 7 7 7 7 7 F 1E
0 7 7 7 7 7 7 7 7 7 7 7 7 7 7 7 7 7 7 7 7 7 7 7 7 7 7 7 7 7 7 7 7 7 7 7 7 7 7 7 7 7 7 7 7 7 7 7 7 1D
7 0 7 7 7 7 7 7 7 7 7 7 7 7 7 7 7 7 7 7 7 7 7 7 7 7 7 7 7 7 7 7 7 7 7 7 7 7 7 7 7 7 7 7 7 7 7 7 7 1E
7 7 0 7 7 7 7 7 7 7 7 7 7 7 7 7 7 7 7 7 7 7 7 7 7 7 7 7 7 7 7 7 7 7 7 7 7 7 7 7 7 7 7 7 7 7 7 7 7 1E
7 7 7 0 7 7 7 7 7 7 7 7 7 7 7 7 7 7 7 7 7 7 7 7 7 7 7 7 7 7 7 7 7 7 7 7 7 7 7 7 7 7 7 7 7 7 7 7 7 1E
7 7 7 7 0 7 7 7 7 7 7 7 7 7 7 7 7 7 7 7 7 7 7 7 7 7 7 7 7 7 7 7 7 7 7 7 7 7 7 7 7 7 7 7 7 7 7 7 7 1E
7 7 7 7 7 0 7 7 7 7 7 7 7 7 7 7 7 7 7 7 7 7 7 7 7 7 7 7 7 7 7 7 7 7 7 7 7 7 7 7 7 7 7 7 7 7 7 7 7 1E
7 7 7 7 7 7 0 7 7 7 7 7 7 7 7 7 7 7 7 7 7 7 7 7 7 7 7 7 7 7 7 7 7 7 7 7 7 7 7 7 7 7 7 7 7 7 7 7 7 1E
7 7 7 7 7 7 7 0 7 7 7 7 7 7 7 7 7 7 7 7 7 7 7 7 7 7 7 7 7 7 7 7 7 7 7 7 7 7 7 7 7 7 7 7 7 7 7 7 7 1E
7 7 7 7 7 7 7 7 0 7 7 7 7 7 7 7 7 7 7 7 7 7 7 7 7 7 7 7 7 7 7 7 7 7 7 7 7 7 7 7 7 7 7 7 7 7 7 7 7 1D
7 7 7 7 7 7 7 7 7 0 7 7 7 7 7 7 7 7 7 7 7 7 7 7 7 7 7 7 7 7 7 7 7 7 7 7 7 7 7 7 7 7 7 7 7 7 7 7 7 1E
7 7 7 7 7 7 7 7 7 7 0 7 7 7 7 7 7 7 7 7 7 7 7 7 7 7 7 7 7 7 7 7 7 7 7 7 7 7 7 7 7 7 7 7 7 7 7 7 7 1D
7 7 7 7 7 7 7 7 7 7 7 0 7 7 7 7 7 7 7 7 7 7 7 7 7 7 7 7 7 7 7 7 7 7 7 7 7 7 7 7 7 7 7 7 7 7 7 7 7 1D
7 7 7 7 7 7 7 7 7 7 7 7 0 7 7 7 7 7 7 7 7 7 7 7 7 7 7 7 7 7 7 7 7 7 7 7 7 7 7 7 7 7 7 7 7 7 7 7 7 1E
7 7 7 7 7 7 7 7 7 7 7 7 7 0 7 7 7 7 7 7 7 7 7 7 7 7 7 7 7 7 7 7 7 7 7 7 7 7 7 7 7 7 7 7 7 7 7 7 7 1E
7 7 7 7 7 7 7 7 7 7 7 7 7 7 0 7 7 7 7 7 7 7 7 7 7 7 7 7 7 7 7 7 7 7 7 7 7 7 7 7 7 7 7 7 7 7 7 7 7 1E
7 7 7 7 7 7 7 7 7 7 7 7 7 7 7 0 7 7 7 7 7 7 7 7 7 7 7 7 7 7 7 7 7 7 7 7 7 7 7 7 7 7 7 7 7 7 7 7 7 1D
7 7 7 7 7 7 7 7 7 7 7 7 7 7 7 7 0 7 7 7 7 7 7 7 7 7 7 7 7 7 7 7 7 7 7 7 7 7 7 7 7 7 7 7 7 7 7 7 7 1C
7 7 7 7 7 7 7 7 7 7 7 7 7 7 7 7 7 0 7 7 7 7 7 7 7 7 7 7 7 7 7 7 7 7 7 7 7 7 7 7 7 7 7 7 7 7 7 7 7 1D
7 7 7 7 7 7 7 7 7 7 7 7 7 7 7 7 7 7 0 7 7 7 7 7 7 7 7 7 7 7 7 7 7 7 7 7 7 7 7 7 7 7 7 7 7 7 7 7 7 1A
7 7 7 7 7 7 7 7 7 7 7 7 7 7 7 7 7 7 7 0 7 7 7 7 7 7 7 7 7 7 7 7 7 7 7 7 7 7 7 7 7 7 7 7 7 7 7 7 7 1D
7 7 7 7 7 7 7 7 7 7 7 7 7 7 7 7 7 7 7 7 0 7 7 7 7 7 7 7 7 7 7 7 7 7 7 7 7 7 7 7 7 7 7 7 7 7 7 7 7 1E
7 7 7 7 7 7 7 7 7 7 7 7 7 7 7 7 7 7 7 7 7 0 7 7 7 7 7 7 7 7 7 7 7 7 7 7 7 7 7 7 7 7 7 7 7 7 7 7 7 1E
7 7 7 7 7 7 7 7 7 7 7 7 7 7 7 7 7 7 7 7 7 7 0 7 7 7 7 7 7 7 7 7 7 7 7 7 7 7 7 7 7 7 7 7 7 7 7 7 7 1E
7 7 7 7 7 7 7 7 7 7 7 7 7 7 7 7 7 7 7 7 7 7 7 0 7 7 7 7 7 7 7 7 7 7 7 7 7 7 7 7 7 7 7 7 7 7 7 7 7 1D
7 7 7 7 7 7 7 7 7 7 7 7 7 7 7 7 7 7 7 7 7 7 7 7 0 7 7 7 7 7 7 7 7 7 7 7 7 7 7 7 7 7 7 7 7 7 7 7 7 0F
7 7 7 7 7 7 7 7 7 7 7 7 7 7 7 7 7 7 7 7 7 7 7 7 7 0 7 7 7 7 7 7 7 7 7 7 7 7 7 7 7 7 7 7 7 7 7 7 7 1D
7 7 7 7 7 7 7 7 7 7 7 7 7 7 7 7 7 7 7 7 7 7 7 7 7 7 0 7 7 7 7 7 7 7 7 7 7 7 7 7 7 7 7 7 7 7 7 7 7 1C
7 7 7 7 7 7 7 7 7 7 7 7 7 7 7 7 7 7 7 7 7 7 7 7 7 7 7 0 7 7 7 7 7 7 7 7 7 7 7 7 7 7 7 7 7 7 7 7 7 1E
7 7 7 7 7 7 7 7 7 7 7 7 7 7 7 7 7 7 7 7 7 7 7 7 7 7 7 7 0 7 7 7 7 7 7 7 7 7 7 7 7 7 7 7 7 7 7 7 7 1E
7 7 7 7 7 7 7 7 7 7 7 7 7 7 7 7 7 7 7 7 7 7 7 7 7 7 7 7 7 0 7 7 7 7 7 7 7 7 7 7 7 7 7 7 7 7 7 7 7 1D
7 7 7 7 7 7 7 7 7 7 7 7 7 7 7 7 7 7 7 7 7 7 7 7 7 7 7 7 7 7 0 7 7 7 7 7 7 7 7 7 7 7 7 7 7 7 7 7 7 1D
7 7 7 7 7 7 7 7 7 7 7 7 7 7 7 7 7 7 7 7 7 7 7 7 7 7 7 7 7 7 7 0 7 7 7 7 7 7 7 7 7 7 7 7 7 7 7 7 7 1B
7 7 7 7 7 7 7 7 7 7 7 7 7 7 7 7 7 7 7 7 7 7 7 7 7 7 7 7 7 7 7 7 0 7 7 7 7 7 7 7 7 7 7 7 7 7 7 7 7 1C
7 7 7 7 7 7 7 7 7 7 7 7 7 7 7 7 7 7 7 7 7 7 7 7 7 7 7 7 7 7 7 7 7 0 7 7 7 7 7 7 7 7 7 7 7 7 7 7 7 1D
7 7 7 7 7 7 7 7 7 7 7 7 7 7 7 7 7 7 7 7 7 7 7 7 7 7 7 7 7 7 7 7 7 7 0 7 7 7 7 7 7 7 7 7 7 7 7 7 7 1D
7 7 7 7 7 7 7 7 7 7 7 7 7 7 7 7 7 7 7 7 7 7 7 7 7 7 7 7 7 7 7 7 7 7 7 0 7 7 7 7 7 7 7 7 7 7 7 7 7 1E
7 7 7 7 7 7 7 7 7 7 7 7 7 7 7 7 7 7 7 7 7 7 7 7 7 7 7 7 7 7 7 7 7 7 7 7 0 7 7 7 7 7 7 7 7 7 7 7 7 1D
7 7 7 7 7 7 7 7 7 7 7 7 7 7 7 7 7 7 7 7 7 7 7 7 7 7 7 7 7 7 7 7 7 7 7 7 7 0 7 7 7 7 7 7 7 7 7 7 7 1D
7 7 7 7 7 7 7 7 7 7 7 7 7 7 7 7 7 7 7 7 7 7 7 7 7 7 7 7 7 7 7 7 7 7 7 7 7 7 0 7 7 7 7 7 7 7 7 7 7 1E
7 7 7 7 7 7 7 7 7 7 7 7 7 7 7 7 7 7 7 7 7 7 7 7 7 7 7 7 7 7 7 7 7 7 7 7 7 7 7 0 7 7 7 7 7 7 7 7 7 1D
7 7 7 7 7 7 7 7 7 7 7 7 7 7 7 7 7 7 7 7 7 7 7 7 7 7 7 7 7 7 7 7 7 7 7 7 7 7 7 7 0 7 7 7 7 7 7 7 7 1D
7 7 7 7 7 7 7 7 7 7 7 7 7 7 7 7 7 7 7 7 7 7 7 7 7 7 7 7 7 7 7 7 7 7 7 7 7 7 7 7 7 0 7 7 7 7 7 7 7 1E
7 7 7 7 7 7 7 7 7 7 7 7 7 7 7 7 7 7 7 7 7 7 7 7 7 7 7 7 7 7 7 7 7 7 7 7 7 7 7 7 7 7 0 7 7 7 7 7 7 1E
7 7 7 7 7 7 7 7 7 7 7 7 7 7 7 7 7 7 7 7 7 7 7 7 7 7 7 7 7 7 7 7 7 7 7 7 7 7 7 7 7 7 7 0 7 7 7 7 7 1E
7 7 7 7 7 7 7 7 7 7 7 7 7 7 7 7 7 7 7 7 7 7 7 7 7 7 7 7 7 7 7 7 7 7 7 7 7 7 7 7 7 7 7 7 0 7 7 7 7 1E
7 7 7 7 7 7 7 7 7 7 7 7 7 7 7 7 7 7 7 7 7 7 7 7 7 7 7 7 7 7 7 7 7 7 7 7 7 7 7 7 7 7 7 7 7 0 7 7 7 1E
7 7 7 7 7 7 7 7 7 7 7 7 7 7 7 7 7 7 7 7 7 7 7 7 7 7 7 7 7 7 7 7 7 7 7 7 7 7 7 7 7 7 7 7 7 7 0 7 7 1E
7 7 7 7 7 7 7 7 7 7 7 7 7 7 7 7 7 7 7 7 7 7 7 7 7 7 7 7 7 7 7 7 7 7 7 7 7 7 7 7 7 7 7 7 7 7 7 0 7 1E
7 7 7 7 7 7 7 7 7 7 7 7 7 7 7 7 7 7 7 7 7 7 7 7 7 7 7 7 7 7 7 7 7 7 7 7 7 7 7 7 7 7 7 7 7 7 7 7 0 1E
9 8 8 8 8 8 8 8 8 8 8 8 8 8 8 8 8 8 8 8 8 8 8 8 8 8 8 8 8 8 8 8 8 8 8 8 8 8 8 8 8 8 8 8 8 8 8 8 8 22
8 9 8 8 8 8 8 8 8 8 8 8 8 8 8 8 8 8 8 8 8 8 8 8 8 8 8 8 8 8 8 8 8 8 8 8 8 8 8 8 8 8 8 8 8 8 8 8 8 22
8 8 9 8 8 8 8 8 8 8 8 8 8 8 8 8 8 8 8 8 8 8 8 8 8 8 8 8 8 8 8 8 8 8 8 8 8 8 8 8 8 8 8 8 8 8 8 8 8 22
8 8 8 9 8 8 8 8 8 8 8 8 8 8 8 8 8 8 8 8 8 8 8 8 8 8 8 8 8 8 8 8 8 8 8 8 8 8 8 8 8 8 8 8 8 8 8 8 8 22
8 8 8 8 9 8 8 8 8 8 8 8 8 8 8 8 8 8 8 8 8 8 8 8 8 8 8 8 8 8 8 8 8 8 8 8 8 8 8 8 8 8 8 8 8 8 8 8 8 22
8 8 8 8 8 9 8 8 8 8 8 8 8 8 8 8 8 8 8 8 8 8 8 8 8 8 8 8 8 8 8 8 8 8 8 8 8 8 8 8 8 8 8 8 8 8 8 8 8 22
8 8 8 8 8 8 9 8 8 8 8 8 8 8 8 8 8 8 8 8 8 8 8 8 8 8 8 8 8 8 8 8 8 8 8 8 8 8 8 8 8 8 8 8 8 8 8 8 8 22
8 8 8 8 8 8 8 9 8 8 8 8 8 8 8 8 8 8 8 8 8 8 8 8 8 8 8 8 8 8 8 8 8 8 8 8 8 8 8 8 8 8 8 8 8 8 8 8 8 22
8 8 8 8 8 8 8 8 9 8 8 8 8 8 8 8 8 8 8 8 8 8 8 8 8 8 8 8 8 8 8 8 8 8 8 8 8 8 8 8 8 8 8 8 8 8 8 8 8 22
8 8 8 8 8 8 8 8 8 9 8 8 8 8 8 8 8 8 8 8 8 8 8 8 8 8 8 8 8 8 8 8 8 8 8 8 8 8 8 8 8 8 8 8 8 8 8 8 8 22
8 8 8 8 8 8 8 8 8 8 9 8 8 8 8 8 8 8 8 8 8 8 8 8 8 8 8 8 8 8 8 8 8 8 8 8 8 8 8 8 8 8 8 8 8 8 8 8 8 23
8 8 8 8 8 8 8 8 8 8 8 9 8 8 8 8 8 8 8 8 8 8 8 8 8 8 8 8 8 8 8 8 8 8 8 8 8 8 8 8 8 8 8 8 8 8 8 8 8 22
8 8 8 8 8 8 8 8 8 8 8 8 9 8 8 8 8 8 8 8 8 8 8 8 8 8 8 8 8 8 8 8 8 8 8 8 8 8 8 8 8 8 8 8 8 8 8 8 8 22
8 8 8 8 8 8 8 8 8 8 8 8 8 9 8 8 8 8 8 8 8 8 8 8 8 8 8 8 8 8 8 8 8 8 8 8 8 8 8 8 8 8 8 8 8 8 8 8 8 22
8 8 8 8 8 8 8 8 8 8 8 8 8 8 9 8 8 8 8 8 8 8 8 8 8 8 8 8 8 8 8 8 8 8 8 8 8 8 8 8 8 8 8 8 8 8 8 8 8 22
8 8 8 8 8 8 8 8 8 8 8 8 8 8 8 9 8 8 8 8 8 8 8 8 8 8 8 8 8 8 8 8 8 8 8 8 8 8 8 8 8 8 8 8 8 8 8 8 8 22
8 8 8 8 8 8 8 8 8 8 8 8 8 8 8 8 9 8 8 8 8 8 8 8 8 8 8 8 8 8 8 8 8 8 8 8 8 8 8 8 8 8 8 8 8 8 8 8 8 22
8 8 8 8 8 8 8 8 8 8 8 8 8 8 8 8 8 9 8 8 8 8 8 8 8 8 8 8 8 8 8 8 8 8 8 8 8 8 8 8 8 8 8 8 8 8 8 8 8 22
8 8 8 8 8 8 8 8 8 8 8 8 8 8 8 8 8 8 9 8 8 8 8 8 8 8 8 8 8 8 8 8 8 8 8 8 8 8 8 8 8 8 8 8 8 8 8 8 8 22
8 8 8 8 8 8 8 8 8 8 8 8 8 8 8 8 8 8 8 9 8 8 8 8 8 8 8 8 8 8 8 8 8 8 8 8 8 8 8 8 8 8 8 8 8 8 8 8 8 22
8 8 8 8 8 8 8 8 8 8 8 8 8 8 8 8 8 8 8 8 9 8 8 8 8 8 8 8 8 8 8 8 8 8 8 8 8 8 8 8 8 8 8 8 8 8 8 8 8 22
8 8 8 8 8 8 8 8 8 8 8 8 8 8 8 8 8 8 8 8 8 9 8 8 8 8 8 8 8 8 8 8 8 8 8 8 8 8 8 8 8 8 8 8 8 8 8 8 8 22
8 8 8 8 8 8 8 8 8 8 8 8 8 8 8 8 8 8 8 8 8 8 9 8 8 8 8 8 8 8 8 8 8 8 8 8 8 8 8 8 8 8 8 8 8 8 8 8 8 22
8 8 8 8 8 8 8 8 8 8 8 8 8 8 8 8 8 8 8 8 8 8 8 9 8 8 8 8 8 8 8 8 8 8 8 8 8 8 8 8 8 8 8 8 8 8 8 8 8 22
8 8 8 8 8 8 8 8 8 8 8 8 8 8 8 8 8 8 8 8 8 8 8 8 9 8 8 8 8 8 8 8 8 8 8 8 8 8 8 8 8 8 8 8 8 8 8 8 8 21
8 8 8 8 8 8 8 8 8 8 8 8 8 8 8 8 8 8 8 8 8 8 8 8 8 9 8 8 8 8 8 8 8 8 8 8 8 8 8 8 8 8 8 8 8 8 8 8 8 22
8 8 8 8 8 8 8 8 8 8 8 8 8 8 8 8 8 8 8 8 8 8 8 8 8 8 9 8 8 8 8 8 8 8 8 8 8 8 8 8 8 8 8 8 8 8 8 8 8 22
8 8 8 8 8 8 8 8 8 8 8 8 8 8 8 8 8 8 8 8 8 8 8 8 8 8 8 9 8 8 8 8 8 8 8 8 8 8 8 8 8 8 8 8 8 8 8 8 8 22
8 8 8 8 8 8 8 8 8 8 8 8 8 8 8 8 8 8 8 8 8 8 8 8 8 8 8 8 9 8 8 8 8 8 8 8 8 8 8 8 8 8 8 8 8 8 8 8 8 22
8 8 8 8 8 8 8 8 8 8 8 8 8 8 8 8 8 8 8 8 8 8 8 8 8 8 8 8 8 9 8 8 8 8 8 8 8 8 8 8 8 8 8 8 8 8 8 8 8 22
8 8 8 8 8 8 8 8 8 8 8 8 8 8 8 8 8 8 8 8 8 8 8 8 8 8 8 8 8 8 9 8 8 8 8 8 8 8 8 8 8 8 8 8 8 8 8 8 8 22
8 8 8 8 8 8 8 8 8 8 8 8 8 8 8 8 8 8 8 8 8 8 8 8 8 8 8 8 8 8 8 9 8 8 8 8 8 8 8 8 8 8 8 8 8 8 8 8 8 22
8 8 8 8 8 8 8 8 8 8 8 8 8 8 8 8 8 8 8 8 8 8 8 8 8 8 8 8 8 8 8 8 9 8 8 8 8 8 8 8 8 8 8 8 8 8 8 8 8 22
8 8 8 8 8 8 8 8 8 8 8 8 8 8 8 8 8 8 8 8 8 8 8 8 8 8 8 8 8 8 8 8 8 9 8 8 8 8 8 8 8 8 8 8 8 8 8 8 8 22
8 8 8 8 8 8 8 8 8 8 8 8 8 8 8 8 8 8 8 8 8 8 8 8 8 8 8 8 8 8 8 8 8 8 9 8 8 8 8 8 8 8 8 8 8 8 8 8 8 22
8 8 8 8 8 8 8 8 8 8 8 8 8 8 8 8 8 8 8 8 8 8 8 8 8 8 8 8 8 8 8 8 8 8 8 9 8 8 8 8 8 8 8 8 8 8 8 8 8 22
8 8 8 8 8 8 8 8 8 8 8 8 8 8 8 8 8 8 8 8 8 8 8 8 8 8 8 8 8 8 8 8 8 8 8 8 9 8 8 8 8 8 8 8 8 8 8 8 8 22
8 8 8 8 8 8 8 8 8 8 8 8 8 8 8 8 8 8 8 8 8 8 8 8 8 8 8 8 8 8 8 8 8 8 8 8 8 9 8 8 8 8 8 8 8 8 8 8 8 22
8 8 8 8 8 8 8 8 8 8 8 8 8 8 8 8 8 8 8 8 8 8 8 8 8 8 8 8 8 8 8 8 8 8 8 8 8 8 9 8 8 8 8 8 8 8 8 8 8 22
8 8 8 8 8 8 8 8 8 8 8 8 8 8 8 8 8 8 8 8 8 8 8 8 8 8 8 8 8 8 8 8 8 8 8 8 8 8 8 9 8 8 8 8 8 8 8 8 8 22
8 8 8 8 8 8 8 8 8 8 8 8 8 8 8 8 8 8 8 8 8 8 8 8 8 8 8 8 8 8 8 8 8 8 8 8 8 8 8 8 9 8 8 8 8 8 8 8 8 22
8 8 8 8 8 8 8 8 8 8 8 8 8 8 8 8 8 8 8 8 8 8 8 8 8 8 8 8 8 8 8 8 8 8 8 8 8 8 8 8 8 9 8 8 8 8 8 8 8 22
8 8 8 8 8 8 8 8 8 8 8 8 8 8 8 8 8 8 8 8 8 8 8 8 8 8 8 8 8 8 8 8 8 8 8 8 8 8 8 8 8 8 9 8 8 8 8 8 8 22
8 8 8 8 8 8 8 8 8 8 8 8 8 8 8 8 8 8 8 8 8 8 8 8 8 8 8 8 8 8 8 8 8 8 8 8 8 8 8 8 8 8 8 9 8 8 8 8 8 22
8 8 8 8 8 8 8 8 8 8 8 8 8 8 8 8 8 8 8 8 8 8 8 8 8 8 8 8 8 8 8 8 8 8 8 8 8 8 8 8 8 8 8 8 9 8 8 8 8 22
8 8 8 8 8 8 8 8 8 8 8 8 8 8 8 8 8 8 8 8 8 8 8 8 8 8 8 8 8 8 8 8 8 8 8 8 8 8 8 8 8 8 8 8 8 9 8 8 8 22
8 8 8 8 8 8 8 8 8 8 8 8 8 8 8 8 8 8 8 8 8 8 8 8 8 8 8 8 8 8 8 8 8 8 8 8 8 8 8 8 8 8 8 8 8 8 9 8 8 22
8 8 8 8 8 8 8 8 8 8 8 8 8 8 8 8 8 8 8 8 8 8 8 8 8 8 8 8 8 8 8 8 8 8 8 8 8 8 8 8 8 8 8 8 8 8 8 9 8 22
8 8 8 8 8 8 8 8 8 8 8 8 8 8 8 8 8 8 8 8 8 8 8 8 8 8 8 8 8 8 8 8 8 8 8 8 8 8 8 8 8 8 8 8 8 8 8 8 9 22
7 8 8 8 8 8 8 8 8 8 8 8 8 8 8 8 8 8 8 8 8 8 8 8 8 8 8 8 8 8 8 8 8 8 8 8 8 8 8 8 8 8 8 8 8 8 8 8 8 22
8 7 8 8 8 8 8 8 8 8 8 8 8 8 8 8 8 8 8 8 8 8 8 8 8 8 8 8 8 8 8 8 8 8 8 8 8 8 8 8 8 8 8 8 8 8 8 8 8 22
8 8 7 8 8 8 8 8 8 8 8 8 8 8 8 8 8 8 8 8 8 8 8 8 8 8 8 8 8 8 8 8 8 8 8 8 8 8 8 8 8 8 8 8 8 8 8 8 8 22
8 8 8 7 8 8 8 8 8 8 8 8 8 8 8 8 8 8 8 8 8 8 8 8 8 8 8 8 8 8 8 8 8 8 8 8 8 8 8 8 8 8 8 8 8 8 8 8 8 22
8 8 8 8 7 8 8 8 8 8 8 8 8 8 8 8 8 8 8 8 8 8 8 8 8 8 8 8 8 8 8 8 8 8 8 8 8 8 8 8 8 8 8 8 8 8 8 8 8 22
8 8 8 8 8 7 8 8 8 8 8 8 8 8 8 8 8 8 8 8 8 8 8 8 8 8 8 8 8 8 8 8 8 8 8 8 8 8 8 8 8 8 8 8 8 8 8 8 8 22
8 8 8 8 8 8 7 8 8 8 8 8 8 8 8 8 8 8 8 8 8 8 8 8 8 8 8 8 8 8 8 8 8 8 8 8 8 8 8 8 8 8 8 8 8 8 8 8 8 22
8 8 8 8 8 8 8 7 8 8 8 8 8 8 8 8 8 8 8 8 8 8 8 8 8 8 8 8 8 8 8 8 8 8 8 8 8 8 8 8 8 8 8 8 8 8 8 8 8 22
8 8 8 8 8 8 8 8 7 8 8 8 8 8 8 8 8 8 8 8 8 8 8 8 8 8 8 8 8 8 8 8 8 8 8 8 8 8 8 8 8 8 8 8 8 8 8 8 8 22
8 8 8 8 8 8 8 8 8 7 8 8 8 8 8 8 8 8 8 8 8 8 8 8 8 8 8 8 8 8 8 8 8 8 8 8 8 8 8 8 8 8 8 8 8 8 8 8 8 22
8 8 8 8 8 8 8 8 8 8 7 8 8 8 8 8 8 8 8 8 8 8 8 8 8 8 8 8 8 8 8 8 8 8 8 8 8 8 8 8 8 8 8 8 8 8 8 8 8 22
8 8 8 8 8 8 8 8 8 8 8 7 8 8 8 8 8 8 8 8 8 8 8 8 8 8 8 8 8 8 8 8 8 8 8 8 8 8 8 8 8 8 8 8 8 8 8 8 8 21
8 8 8 8 8 8 8 8 8 8 8 8 7 8 8 8 8 8 8 8 8 8 8 8 8 8 8 8 8 8 8 8 8 8 8 8 8 8 8 8 8 8 8 8 8 8 8 8 8 22
8 8 8 8 8 8 8 8 8 8 8 8 8 7 8 8 8 8 8 8 8 8 8 8 8 8 8 8 8 8 8 8 8 8 8 8 8 8 8 8 8 8 8 8 8 8 8 8 8 22
8 8 8 8 8 8 8 8 8 8 8 8 8 8 7 8 8 8 8 8 8 8 8 8 8 8 8 8 8 8 8 8 8 8 8 8 8 8 8 8 8 8 8 8 8 8 8 8 8 22
8 8 8 8 8 8 8 8 8 8 8 8 8 8 8 7 8 8 8 8 8 8 8 8 8 8 8 8 8 8 8 8 8 8 8 8 8 8 8 8 8 8 8 8 8 8 8 8 8 22
8 8 8 8 8 8 8 8 8 8 8 8 8 8 8 8 7 8 8 8 8 8 8 8 8 8 8 8 8 8 8 8 8 8 8 8 8 8 8 8 8 8 8 8 8 8 8 8 8 21
8 8 8 8 8 8 8 8 8 8 8 8 8 8 8 8 8 7 8 8 8 8 8 8 8 8 8 8 8 8 8 8 8 8 8 8 8 8 8 8 8 8 8 8 8 8 8 8 8 21
8 8 8 8 8 8 8 8 8 8 8 8 8 8 8 8 8 8 7 8 8 8 8 8 8 8 8 8 8 8 8 8 8 8 8 8 8 8 8 8 8 8 8 8 8 8 8 8 8 22
8 8 8 8 8 8 8 8 8 8 8 8 8 8 8 8 8 8 8 7 8 8 8 8 8 8 8 8 8 8 8 8 8 8 8 8 8 8 8 8 8 8 8 8 8 8 8 8 8 22
8 8 8 8 8 8 8 8 8 8 8 8 8 8 8 8 8 8 8 8 7 8 8 8 8 8 8 8 8 8 8 8 8 8 8 8 8 8 8 8 8 8 8 8 8 8 8 8 8 22
8 8 8 8 8 8 8 8 8 8 8 8 8 8 8 8 8 8 8 8 8 7 8 8 8 8 8 8 8 8 8 8 8 8 8 8 8 8 8 8 8 8 8 8 8 8 8 8 8 22
8 8 8 8 8 8 8 8 8 8 8 8 8 8 8 8 8 8 8 8 8 8 7 8 8 8 8 8 8 8 8 8 8 8 8 8 8 8 8 8 8 8 8 8 8 8 8 8 8 22
8 8 8 8 8 8 8 8 8 8 8 8 8 8 8 8 8 8 8 8 8 8 8 7 8 8 8 8 8 8 8 8 8 8 8 8 8 8 8 8 8 8 8 8 8 8 8 8 8 22
8 8 8 8 8 8 8 8 8 8 8 8 8 8 8 8 8 8 8 8 8 8 8 8 7 8 8 8 8 8 8 8 8 8 8 8 8 8 8 8 8 8 8 8 8 8 8 8 8 22
8 8 8 8 8 8 8 8 8 8 8 8 8 8 8 8 8 8 8 8 8 8 8 8 8 7 8 8 8 8 8 8 8 8 8 8 8 8 8 8 8 8 8 8 8 8 8 8 8 21
8 8 8 8 8 8 8 8 8 8 8 8 8 8 8 8 8 8 8 8 8 8 8 8 8 8 7 8 8 8 8 8 8 8 8 8 8 8 8 8 8 8 8 8 8 8 8 8 8 22
8 8 8 8 8 8 8 8 8 8 8 8 8 8 8 8 8 8 8 8 8 8 8 8 8 8 8 7 8 8 8 8 8 8 8 8 8 8 8 8 8 8 8 8 8 8 8 8 8 22
8 8 8 8 8 8 8 8 8 8 8 8 8 8 8 8 8 8 8 8 8 8 8 8 8 8 8 8 7 8 8 8 8 8 8 8 8 8 8 8 8 8 8 8 8 8 8 8 8 22
8 8 8 8 8 8 8 8 8 8 8 8 8 8 8 8 8 8 8 8 8 8 8 8 8 8 8 8 8 7 8 8 8 8 8 8 8 8 8 8 8 8 8 8 8 8 8 8 8 22
8 8 8 8 8 8 8 8 8 8 8 8 8 8 8 8 8 8 8 8 8 8 8 8 8 8 8 8 8 8 7 8 8 8 8 8 8 8 8 8 8 8 8 8 8 8 8 8 8 22
8 8 8 8 8 8 8 8 8 8 8 8 8 8 8 8 8 8 8 8 8 8 8 8 8 8 8 8 8 8 8 7 8 8 8 8 8 8 8 8 8 8 8 8 8 8 8 8 8 21
8 8 8 8 8 8 8 8 8 8 8 8 8 8 8 8 8 8 8 8 8 8 8 8 8 8 8 8 8 8 8 8 7 8 8 8 8 8 8 8 8 8 8 8 8 8 8 8 8 22
8 8 8 8 8 8 8 8 8 8 8 8 8 8 8 8 8 8 8 8 8 8 8 8 8 8 8 8 8 8 8 8 8 7 8 8 8 8 8 8 8 8 8 8 8 8 8 8 8 22
8 8 8 8 8 8 8 8 8 8 8 8 8 8 8 8 8 8 8 8 8 8 8 8 8 8 8 8 8 8 8 8 8 8 7 8 8 8 8 8 8 8 8 8 8 8 8 8 8 22
8 8 8 8 8 8 8 8 8 8 8 8 8 8 8 8 8 8 8 8 8 8 8 8 8 8 8 8 8 8 8 8 8 8 8 7 8 8 8 8 8 8 8 8 8 8 8 8 8 22
8 8 8 8 8 8 8 8 8 8 8 8 8 8 8 8 8 8 8 8 8 8 8 8 8 8 8 8 8 8 8 8 8 8 8 8 7 8 8 8 8 8 8 8 8 8 8 8 8 22
8 8 8 8 8 8 8 8 8 8 8 8 8 8 8 8 8 8 8 8 8 8 8 8 8 8 8 8 8 8 8 8 8 8 8 8 8 7 8 8 8 8 8 8 8 8 8 8 8 22
8 8 8 8 8 8 8 8 8 8 8 8 8 8 8 8 8 8 8 8 8 8 8 8 8 8 8 8 8 8 8 8 8 8 8 8 8 8 7 8 8 8 8 8 8 8 8 8 8 22
8 8 8 8 8 8 8 8 8 8 8 8 8 8 8 8 8 8 8 8 8 8 8 8 8 8 8 8 8 8 8 8 8 8 8 8 8 8 8 7 8 8 8 8 8 8 8 8 8 22
8 8 8 8 8 8 8 8 8 8 8 8 8 8 8 8 8 8 8 8 8 8 8 8 8 8 8 8 8 8 8 8 8 8 8 8 8 8 8 8 7 8 8 8 8 8 8 8 8 22
8 8 8 8 8 8 8 8 8 8 8 8 8 8 8 8 8 8 8 8 8 8 8 8 8 8 8 8 8 8 8 8 8 8 8 8 8 8 8 8 8 7 8 8 8 8 8 8 8 22
8 8 8 8 8 8 8 8 8 8 8 8 8 8 8 8 8 8 8 8 8 8 8 8 8 8 8 8 8 8 8 8 8 8 8 8 8 8 8 8 8 8 7 8 8 8 8 8 8 22
8 8 8 8 8 8 8 8 8 8 8 8 8 8 8 8 8 8 8 8 8 8 8 8 8 8 8 8 8 8 8 8 8 8 8 8 8 8 8 8 8 8 8 7 8 8 8 8 8 22
8 8 8 8 8 8 8 8 8 8 8 8 8 8 8 8 8 8 8 8 8 8 8 8 8 8 8 8 8 8 8 8 8 8 8 8 8 8 8 8 8 8 8 8 7 8 8 8 8 22
8 8 8 8 8 8 8 8 8 8 8 8 8 8 8 8 8 8 8 8 8 8 8 8 8 8 8 8 8 8 8 8 8 8 8 8 8 8 8 8 8 8 8 8 8 7 8 8 8 22
8 8 8 8 8 8 8 8 8 8 8 8 8 8 8 8 8 8 8 8 8 8 8 8 8 8 8 8 8 8 8 8 8 8 8 8 8 8 8 8 8 8 8 8 8 8 7 8 8 22
8 8 8 8 8 8 8 8 8 8 8 8 8 8 8 8 8 8 8 8 8 8 8 8 8 8 8 8 8 8 8 8 8 8 8 8 8 8 8 8 8 8 8 8 8 8 8 7 8 22
8 8 8 8 8 8 8 8 8 8 8 8 8 8 8 8 8 8 8 8 8 8 8 8 8 8 8 8 8 8 8 8 8 8 8 8 8 8 8 8 8 8 8 8 8 8 8 8 7 22
0 F 0 F 0 F 0 F 0 F 0 F 0 F 0 F 0 F 0 F 0 F 0 F 0 F 0 F 0 F 0 F 0 F 0 F 0 F 0 F 0 F 0 F 0 F 0 F 0 0A
F 0 F 0 F 0 F 0 F 0 F 0 F 0 F 0 F 0 F 0 F 0 F 0 F 0 F 0 F 0 F 0 F 0 F 0 F 0 F 0 F 0 F 0 F 0 F 0 F 33
0 0 0 F F F F 0 0 0 F F F F 0 0 0 F F F F 0 0 0 F F F F 0 0 0 F F F F 0 0 0 F F F F 0 0 0 F F F F 3F
F F F 0 0 0 0 F F F 0 0 0 0 F F F 0 0 0 0 F F F 0 0 0 0 F F F 0 0 0 0 F F F 0 0 0 0 F F F 0 0 0 0 00
0 0 0 0 0 0 0 0 0 0 0 0 0 0 0 0 0 0 0 0 0 F F F F F F F F F F F F F F F F F F F F F F F F F F F F 3F
F F F F F F F F F F F F F F F F F F F F F 0 0 0 0 0 0 0 0 0 0 0 0 0 0 0 0 0 0 0 0 0 0 0 0 0 0 0 0 00
F F F F F F F 0 0 0 0 0 0 0 0 0 0 0 0 0 0 0 0 0 0 0 0 0 0 0 0 0 0 0 0 0 0 0 0 0 0 0 0 0 0 0 0 0 0 00
F 0 0 0 0 0 0 F 0 0 0 0 0 0 F 0 0 0 0 0 0 F 0 0 0 0 0 0 F 0 0 0 0 0 0 F 0 0 0 0 0 0 F 0 0 0 0 0 0 00
0 0 0 0 0 0 0 F F F F F F F 0 0 0 0 0 0 0 0 0 0 0 0 0 0 0 0 0 0 0 0 0 0 0 0 0 0 0 0 0 0 0 0 0 0 0 00
0 F 0 0 0 0 0 0 F 0 0 0 0 0 0 F 0 0 0 0 0 0 F 0 0 0 0 0 0 F 0 0 0 0 0 0 F 0 0 0 0 0 0 F 0 0 0 0 0 00
0 0 0 0 0 0 0 0 0 0 0 0 0 0 F F F F F F F 0 0 0 0 0 0 0 0 0 0 0 0 0 0 0 0 0 0 0 0 0 0 0 0 0 0 0 0 00
0 0 F 0 0 0 0 0 0 F 0 0 0 0 0 0 F 0 0 0 0 0 0 F 0 0 0 0 0 0 F 0 0 0 0 0 0 F 0 0 0 0 0 0 F 0 0 0 0 01
0 0 0 0 0 0 0 0 0 0 0 0 0 0 0 0 0 0 0 0 0 F F F F F F F 0 0 0 0 0 0 0 0 0 0 0 0 0 0 0 0 0 0 0 0 0 3D
0 0 0 F 0 0 0 0 0 0 F 0 0 0 0 0 0 F 0 0 0 0 0 0 F 0 0 0 0 0 0 F 0 0 0 0 0 0 F 0 0 0 0 0 0 F 0 0 0 3D
0 0 0 0 0 0 0 0 0 0 0 0 0 0 0 0 0 0 0 0 0 0 0 0 0 0 0 0 F F F F F F F 0 0 0 0 0 0 0 0 0 0 0 0 0 0 00
0 0 0 0 F 0 0 0 0 0 0 F 0 0 0 0 0 0 F 0 0 0 0 0 0 F 0 0 0 0 0 0 F 0 0 0 0 0 0 F 0 0 0 0 0 0 F 0 0 00
0 0 0 0 0 0 0 0 0 0 0 0 0 0 0 0 0 0 0 0 0 0 0 0 0 0 0 0 0 0 0 0 0 0 0 F F F F F F F 0 0 0 0 0 0 0 00
0 0 0 0 0 F 0 0 0 0 0 0 F 0 0 0 0 0 0 F 0 0 0 0 0 0 F 0 0 0 0 0 0 F 0 0 0 0 0 0 F 0 0 0 0 0 0 F 0 00
0 0 0 0 0 0 0 0 0 0 0 0 0 0 0 0 0 0 0 0 0 0 0 0 0 0 0 0 0 0 0 0 0 0 0 0 0 0 0 0 0 0 F F F F F F F 00
0 0 0 0 0 0 F 0 0 0 0 0 0 F 0 0 0 0 0 0 F 0 0 0 0 0 0 F 0 0 0 0 0 0 F 0 0 0 0 0 0 F 0 0 0 0 0 0 F 00
7 8 C F 0 2 D F 3 4 D 6 4 D 4 6 A 8 1 0 D C D 8 D 5 7 C 1 4 1 7 F 2 6 6 E 3 8 4 0 C 0 4 7 7 1 F B 2D
F 1 B 4 8 E 4 B 2 5 F 6 8 4 1 6 9 7 C 5 9 C E 6 0 B 8 D 7 5 0 7 A C D 3 9 C 4 5 D 9 8 A 8 F C 0 2 09
8 D 1 A C C D 3 8 C 5 3 7 1 3 D A D D E 4 7 9 4 E 0 D A 4 B 6 D F 4 7 3 B A D C F F E 2 0 7 5 E C 33
6 9 9 E 0 7 A 7 E F D 7 E 1 A 4 3 A C E 3 D D 5 1 C D 7 2 2 6 C 5 0 B B 2 8 6 8 0 A 4 8 6 9 1 5 A 0F
C 6 0 B 8 A 2 6 E D 5 A 1 C 4 5 F 8 D 3 C F 1 3 2 4 4 1 E 4 E C 2 B C 2 2 6 1 6 7 A 9 7 3 9 7 D B 12
B 9 5 4 7 9 5 2 1 0 3 6 4 2 5 B 5 E 9 2 F E C 2 C B C B 9 5 E F B 5 8 8 1 1 7 8 3 4 2 E 8 4 C F 4 30
E C C 8 E 2 1 F 7 6 B 4 A D C 1 F B B 3 E 6 F 3 1 D 9 6 F F 0 A C B 9 8 8 4 2 6 B F F 3 0 F A C D 0C
5 D A A 6 5 6 B 8 0 0 3 7 9 F C 4 8 B E 7 B 3 7 E 6 0 C 4 7 F 6 4 3 D 3 9 3 C B A 6 5 F C 6 0 2 7 32
7 5 F 7 C 2 5 3 2 8 2 6 A C 8 9 4 D 2 B 1 9 4 4 5 C C 4 8 1 E F 5 8 8 C 1 8 D 9 8 0 E 2 5 A 7 9 9 1B
2 0 F C 2 A 8 B 2 B B F 4 6 2 0 0 7 2 B 3 A 8 5 7 F F 4 F 3 C 5 A A D 6 F E 0 1 1 A 5 2 1 E 9 0 4 1F
A 4 C 4 A 1 C B 8 A 1 9 7 0 0 6 B A 2 2 4 6 2 0 5 1 3 3 6 6 0 7 E E 2 5 A 0 9 D C 0 4 1 8 F C C C 13
5 F 2 2 6 7 5 7 D 7 6 A 1 E E 0 9 F 1 2 1 E 7 F 1 A A 8 9 2 0 9 C E C 7 E 0 A 8 B D 2 C 0 7 1 3 F 0D
6 A F F 1 5 F C 6 1 A 2 E 4 7 8 7 8 C 7 5 6 C 9 7 F 4 7 F D 9 0 8 6 F 8 9 9 6 4 8 6 D F 7 A 3 9 2 1F
1 3 0 D 3 E 2 A F 1 0 4 5 7 0 1 A 1 0 6 1 2 1 7 4 D 9 5 C 3 4 2 4 6 D 5 B D 2 B C 5 D C 2 2 A 6 3 14
F 3 2 7 5 8 5 7 7 8 E 3 6 C E 4 F E 4 8 B 4 3 2 7 7 B 6 7 9 B 7 2 0 8 D 9 0 1 D 4 D 2 E 2 A 7 2 5 1E
7 3 7 1 A F 6 7 A E 3 2 5 F 8 1 6 F 1 3 F 0 B 8 D E 5 4 F 9 C 0 F 6 3 A 7 B 6 4 9 E 4 A 1 2 7 0 A 30
9 6 C F E 6 9 4 1 D 6 7 6 4 B 4 0 F B F D A F 4 2 B A 3 F 5 F 8 2 6 2 5 8 F F 2 A 9 6 0 8 1 D 3 C 11
F 7 B 6 D B 0 6 A 7 7 7 6 8 B 4 4 7 8 7 4 B 6 9 8 C 2 2 4 F 6 0 7 4 C 0 A 0 8 C D 1 3 2 1 0 6 7 2 1D
D 8 C 9 8 2 6 B 3 8 A 6 F E 9 D C 3 3 2 1 E 6 2 4 C 5 5 9 5 6 8 5 E B 0 D 2 8 B 3 6 E 4 1 F 6 4 E 16
B B F 1 C 9 B 9 B B C 5 4 7 A 5 C B E A E 6 E A 1 4 6 B 7 5 E F 6 3 4 4 0 9 4 A C 4 0 9 2 9 4 D 8 0E
A 5 6 E 9 3 1 8 D C 0 E B D F 2 0 C F A D 6 E 0 1 2 4 B 4 1 E 5 E 4 B B 9 5 A 1 5 5 D 5 2 B 7 5 D 08
B 4 8 F E D B 9 6 2 7 6 7 2 D 2 2 5 6 1 8 3 6 2 9 A 7 3 6 D A 0 5 9 9 0 B 1 2 A 5 A F 5 F 9 F C 0 1E
5 D C E D E 0 B 3 A C B E 9 6 C 3 8 F 3 B 1 F E 9 C 9 2 6 D 4 4 B A 6 5 C 3 5 2 4 1 4 1 9 1 0 1 2 27
D B 8 5 2 8 8 8 8 8 7 1 3 1 6 9 D 6 6 F 8 6 E A 3 D B 2 7 8 C 6 5 9 8 8 5 3 D E E 1 A 5 F A B 9 D 15
3 E 6 4 6 F 2 6 D 7 2 2 F D B 5 0 B D 3 1 5 4 6 6 3 F 0 B C 6 F F 3 3 2 1 5 3 1 8 A D 5 4 8 8 E 8 1A
D 1 E 6 E 1 9 8 8 3 0 2 1 9 8 6 D 6 6 0 0 F 3 2 C D 2 8 3 9 4 5 9 E D 0 3 E 9 4 8 F 7 0 9 C D B 3 2B
7 7 B 1 1 8 1 C 7 F 3 7 E 4 3 9 A 5 D 1 A 8 E C D E 0 F 1 5 4 4 1 1 4 6 3 C 0 3 F D E B 8 3 C A E 34
D E E 0 2 9 D D C E 3 D 4 0 F 9 5 6 4 B B 5 2 5 7 C 5 7 8 2 9 6 A B 6 5 E C D B E D 7 E B C 6 6 4 21
1 A F F 6 C B 4 9 3 E C A B E D 7 2 E D 9 6 3 4 E 5 2 F E F 8 1 E 5 C B F 0 F 0 2 0 3 D F 5 A 5 E 2C
C 8 5 2 B 9 5 E 4 0 6 8 2 3 1 F D 7 D E 7 D B C D 4 6 8 B A C B 1 5 2 F C 8 B 1 2 A D B C 6 5 8 5 34
3 1 D 7 6 1 F 8 9 9 2 9 A 1 B 9 D C 5 2 D 9 C D 9 3 7 E 3 F 2 B 9 D 4 4 3 A 4 E 4 0 4 D 2 3 2 C A 27
A 5 C 3 6 3 7 6 E 8 1 3 2 A F 3 E E 2 0 F E 4 2 E B E 1 0 9 0 4 5 F E 5 C E 6 F D 9 4 3 5 E 3 5 F 33
A C 1 7 C 4 D F 7 6 7 3 1 6 5 B 2 C 2 1 E F 5 A 3 0 3 D D F D D 9 0 B 7 D 9 5 E 9 8 4 1 1 E 0 F 0 11
7 6 0 E D A B 8 F D 0 4 6 A 4 9 1 A B B 5 1 0 7 2 2 C D 9 1 3 E B 3 2 8 A 9 A 3 0 2 8 B B 9 C 7 B 0F
0 E C C D E 8 6 8 0 E 2 E 4 8 0 0 1 1 8 2 4 3 4 D B E D 3 D 0 5 1 B 9 D A 2 E 3 F A 4 4 4 3 F 5 E 2D
0 9 7 E 0 D 3 3 3 5 5 5 2 8 7 6 B 1 5 C E 0 D C 4 E 0 D C 9 3 4 5 9 9 D F F 4 F 7 B A 7 A 3 3 1 9 16
D 8 9 A E 1 9 2 A F E D E D D E 4 F C 6 E C F A F 8 F A D 5 D D 6 6 A 2 F 0 2 A D 3 A F 2 3 4 5 9 36
F D 8 9 E F C C 1 4 3 C 6 0 E E 5 F 7 5 7 8 5 A C D 0 6 3 E D 4 9 3 8 F 5 3 2 5 7 A F 5 9 F 9 8 F 2F
F E 3 F C F 6 A D 4 D A F 5 5 C 0 2 2 7 6 D F 7 9 9 6 1 D 4 B F A A B 5 B 8 C C 9 C 0 D F 4 9 3 8 23
A E 8 A 9 E 3 2 5 6 C 1 5 1 C 5 0 B F 5 3 A 7 0 E 2 4 5 3 9 F B E 7 8 5 0 A 9 0 4 0 3 B E B 9 E 7 33
6 1 7 5 8 D 2 4 2 5 5 9 A 4 4 8 C C 5 4 3 7 9 9 D 5 7 3 7 1 7 9 1 E 0 0 1 D C F A 8 5 F A B 7 8 D 2E
7 A 7 C A A 3 4 B 3 7 7 A 1 F 6 3 B 6 1 4 7 0 8 9 5 A 9 F 9 9 A 6 1 E 6 0 2 4 B C C 2 8 5 3 D B 5 21
1 3 7 E C 1 0 D 6 5 C 3 C 7 2 7 D F 9 C 4 7 3 8 6 5 2 F A 6 4 E 2 A 8 E D 5 A 6 0 5 9 D F F 1 D 3 1D
7 8 D B B F 8 3 2 D 3 5 B 6 3 6 8 9 C 3 A D 9 C 4 C 1 A 0 5 0 6 3 4 8 A 6 1 3 8 4 0 7 D C 0 A 3 0 16
8 7 2 2 6 D 1 E 7 8 F B 5 A A D 8 4 9 3 9 B C F 1 3 D 9 2 8 A 5 4 C F 2 7 5 2 6 3 F 3 A 7 B 9 F 8 0B
3 7 9 5 1 3 2 D B E D 3 A E 9 A C 0 F D E 1 C D 6 2 C 2 3 A E E 4 0 F D 4 1 4 4 5 8 7 5 3 F 4 2 E 1B
A E 4 2 8 7 0 6 A D D A 4 6 4 C 2 9 6 3 2 C 1 7 A E 2 A F 2 5 C C 9 E 8 9 6 1 A 9 1 7 8 7 E 5 3 D 27
2 0 6 1 8 9 6 2 7 7 A E C E 0 F 6 E 9 A 0 0 F 5 A D 7 F 7 0 2 7 1 D A 1 E F C D 0 8 0 5 8 7 9 A 9 28
C E 3 E C F B 5 5 7 6 F 8 B A 0 D E 6 9 2 3 E 5 D 9 6 A 4 6 9 B 6 8 1 F 0 D B 2 3 1 3 D F 9 8 F 4 2E
6 A 2 0 0 F C 4 1 9 A 7 9 4 B 9 F 0 3 0 7 1 C 2 3 C 1 9 2 F E 9 C B 3 F 0 E A 5 5 F 3 E 3 E 7 E 5 0E
C F A 9 C E E E D E E 7 7 9 8 8 1 0 6 F 5 2 B 8 9 A A C 8 8 F A 4 D C A 5 A D D 8 1 8 8 B 0 F 2 C 21
0 F D 9 5 7 8 2 C 9 B 2 E 8 7 0 B D D 2 1 3 7 1 1 6 8 0 5 8 D 9 7 2 2 7 D C 6 8 0 6 4 C 6 4 0 7 2 0E
6 4 6 5 1 7 9 4 1 5 0 7 C 5 A B E C F 0 1 2 2 1 1 5 9 5 0 B 8 B D E 7 A 3 9 B F 5 A 3 6 E 4 7 0 0 0C
F 3 C 2 6 1 E C C E 7 0 F 4 E C 7 1 6 D 2 9 1 E 5 F 3 0 1 4 B 7 F A A A E 6 D 0 A 7 8 D 5 6 7 7 5 1C
C 2 E 7 A A 7 9 5 B 8 5 1 0 8 3 7 4 1 8 C 6 2 A 7 3 7 7 5 0 E A 5 D 8 D 6 D 7 3 4 F 8 8 E 2 6 1 2 1A
1 B A C A 9 C 6 A E 8 D 2 D B C 0 7 A 3 2 D 2 3 E 2 E 8 B 5 3 0 7 3 5 E 1 2 3 2 0 7 F E 3 1 6 0 3 2D
3 A 1 9 9 C 6 0 C 3 B 9 F 9 6 D 2 1 B 5 4 6 0 8 7 5 A B D 1 4 0 0 5 6 1 3 6 D 9 E 1 4 7 F 8 9 9 A 16
0 A C C B 1 4 E 7 0 B 3 D C 3 A C 5 6 F F 0 E F 5 9 5 E 7 C F B 2 6 8 9 A F B F 1 3 9 A 7 2 5 1 F 1B
A 1 A B 3 3 8 F 0 8 2 7 A 3 5 8 2 D B 1 6 A 1 2 1 3 F D A 1 C B 8 0 6 8 1 9 8 2 1 C 1 3 C 7 5 3 7 0A
C 3 4 4 4 1 0 E E 4 0 6 5 F A 3 5 0 9 4 5 C E B 2 D 0 2 1 6 8 4 9 F D 7 F 9 6 2 D 0 6 E 5 9 2 B D 12
0 5 E A 8 8 0 F 6 4 A 8 3 C 5 3 D D F 8 8 1 B F 7 6 4 7 1 C 9 F 2 3 3 2 A B 9 A 0 7 1 A 5 F 5 D B 20
9 7 E 9 E A C C 1 3 8 8 9 8 E 4 8 D 9 B B 6 1 A 0 5 0 7 1 D 4 F 0 4 9 5 9 5 7 3 0 D 8 D 2 A 0 E C 04
3 E 3 1 9 A 1 0 F 9 8 9 5 9 9 F 3 9 D 2 0 E D 4 C 8 3 6 4 C 9 1 7 5 D 7 E 9 4 E A 4 3 5 3 A 0 3 A 2C
8 C 5 7 9 C 9 F A 2 6 1 3 6 0 F 9 7 3 1 0 F 6 B 4 F A 8 4 8 5 D B 8 A A 2 F 9 3 E 6 E 6 D A 4 5 F 1A
9 3 8 6 9 1 D 9 E B 4 B 7 0 E F F 4 1 B 1 E A C C 8 6 8 F 2 6 6 B D 4 A 4 A E A 4 5 E F C 5 6 2 4 2D
A 2 2 E F E 9 0 1 9 0 2 9 5 0 D 0 2 6 9 7 3 D F 2 F D 2 6 B D 5 2 B 0 3 6 C 3 B 7 A D 9 E 7 1 F 4 14
B 4 2 2 B 7 9 0 3 3 E 1 C 7 8 F 5 2 8 E F 5 A B 3 D 2 9 B B 4 A D E 0 C B 6 F 4 6 2 4 8 5 3 D 3 2 11
E F B 8 8 7 D 2 8 B 6 8 A F 9 F 3 B 5 4 8 4 3 A E 2 0 5 E 0 F 7 9 6 3 A C 2 7 9 B D 5 D 3 6 F C 1 2F
6 0 6 C 2 C C 4 0 5 5 B F 9 6 A 2 6 6 F 3 2 9 A 2 3 7 5 0 4 5 D 8 9 8 5 A 8 C 7 0 8 F 3 3 5 E 7 F 0F
1 F 0 F 9 A 3 E C 3 0 D 3 0 A 4 2 F 6 6 4 4 4 3 3 1 F D 5 9 1 E E 8 2 5 B 5 A F B 3 C 5 2 D 0 7 6 0F
1 7 C 3 2 C 5 1 8 7 E 8 E 0 B C 8 5 8 7 1 2 8 6 F 7 C 9 E 0 9 6 9 7 2 F 5 9 2 A F 7 D 7 E F 7 6 0 2F
F 5 9 6 E E 9 A D 9 D 8 6 C 5 5 F 0 5 5 C E 2 C 7 0 6 6 4 7 3 C F 6 A 7 7 2 9 B D D A B 2 6 3 D E 1B
4 8 C 9 8 2 F 2 3 3 2 5 0 8 4 5 C A 9 6 F 8 C F 0 0 F A 6 B 4 2 1 D 6 1 3 C 6 3 6 6 5 6 B 9 5 A C 01
0 1 D 0 8 0 E 4 2 6 7 E F 7 A B 8 3 7 9 E 5 0 C F 2 7 3 D F 7 C D B 1 A 6 6 C 6 F 7 8 6 1 0 B 2 A 35
A 2 5 3 1 8 F 2 4 E F F 0 C 2 D C 5 D 1 B B C C 5 B 3 2 A 0 7 8 E 2 6 4 3 7 B 4 6 E 6 5 D 8 7 F E 1E
A A 6 E C 3 3 7 1 A 0 6 A A A 0 A C A E 9 D F 7 7 9 1 C 3 5 6 E 9 7 5 6 6 3 4 8 B 9 D 8 5 2 C D 3 24
B F 2 5 0 A 5 9 F 1 0 9 1 0 0 7 7 8 6 F F 2 E 0 6 A 7 4 8 8 0 4 1 B 7 2 C 8 A C 4 E 1 5 2 8 2 F C 18
2 C D 2 B 1 F B 7 0 7 7 8 E 5 1 0 7 9 8 6 E 8 D B 2 6 1 2 5 D 7 F 6 3 B 9 7 6 3 B 1 0 0 E B D F 2 29
B A C 5 F 3 D D 7 C D 9 D 9 6 D B 5 9 7 B 3 4 7 B 2 E 5 C A D 4 5 A 5 C 3 A 7 7 A 6 4 1 9 C 3 F B 25
3 6 B 2 9 C D C A 5 3 E 2 6 5 D 2 A 9 4 1 1 A 0 C 5 0 3 E 6 D 0 0 3 8 2 0 0 7 D 1 3 9 A 1 E 1 B F 2B
C C E A 2 C 1 3 C 1 3 5 A C 9 C 5 B 2 6 1 8 B B 4 9 E 3 4 7 4 E E F F 1 7 1 4 0 A 8 2 E 8 8 5 5 5 16
E 9 3 B 8 5 E 4 D 4 2 4 4 7 6 C C 6 A 6 8 6 6 4 4 8 9 0 C 6 5 4 4 4 0 7 1 4 2 F 6 1 C 1 6 A 2 1 2 14
D F B 9 B 4 F D B F 1 8 F 7 2 6 5 6 6 D 7 B 4 E 2 0 4 2 4 8 9 9 C 6 9 8 E E 6 9 3 4 2 7 4 4 9 A 0 0E
9 C B 5 F F 7 8 0 4 7 B 8 1 C 2 E C 2 A E 3 2 F 9 F 0 6 D 6 6 2 3 2 F 6 1 E 5 6 7 A 4 7 5 F D 8 3 26
A 8 3 3 5 9 1 4 E 5 E 8 3 4 7 B 3 3 2 D 6 B 6 2 6 8 A 1 2 2 A 5 8 B B 9 5 8 3 2 E 4 0 A E 7 9 5 4 16
1 1 0 3 E F 6 8 E 9 3 A 9 5 4 F E 1 3 9 8 1 F 3 B F 8 B 5 0 8 7 0 D 2 C 4 0 0 C 3 C 6 F D F E 1 0 2A
3 7 C A 6 C 5 2 B 0 8 3 E 5 A 2 F 3 A A F 3 4 3 C 4 B 7 D 3 7 7 1 E 6 D 8 C 9 F 1 E E 8 B B B 5 A 29
8 B E 1 8 1 6 0 A 6 7 D 1 8 6 5 2 1 E 2 B 4 7 A 1 3 1 0 4 5 8 7 1 4 5 2 2 5 1 1 1 A 1 5 D D 2 D 1 09
8 D 5 F 7 B D 1 3 2 7 2 8 1 8 7 D 0 5 C F 6 8 3 8 1 1 9 7 C 0 9 9 3 8 C 2 8 B 9 A E D A E 1 E B 3 1E
4 D C 0 8 7 8 D 2 F 0 C F 4 0 C 0 1 7 2 E E 8 E F C B C D B D 2 F E F 0 5 7 B 1 8 C F 5 9 D 6 9 0 38
8 B B 0 3 A 9 4 C A 1 F 1 5 F 8 3 8 4 2 1 B 0 B 3 C 4 3 D 1 9 6 2 1 D 4 B 0 9 6 3 5 1 5 5 6 3 0 C 15
6 C A E 5 0 9 0 C E 8 E E B C F 8 1 1 6 7 F 0 5 F 6 0 9 3 3 2 8 D B E F B 3 D 0 4 E E 3 1 E 4 4 D 33
C B 7 E E D F 3 8 6 D F C B D C 8 1 6 F 3 8 B 2 E 9 9 E 9 8 0 F 0 E C 7 1 F 6 C 5 4 8 1 2 0 C 8 7 30
C 6 2 A 3 8 F 7 C B 5 3 F 9 7 8 4 A 5 B 4 7 B 2 5 1 9 9 9 8 8 9 7 C 5 3 3 0 1 9 B 3 0 3 B 0 C D C 17
1 A 3 F 4 6 C 7 C 4 B 0 C 7 3 7 7 7 6 0 1 2 1 4 F 6 1 3 A 5 6 4 C 1 2 E 2 9 8 F B 9 A 9 9 5 B C F 31
7 7 D 1 7 2 B 0 A F 6 0 1 A 3 D 7 E 7 3 3 8 4 D 5 3 8 4 1 3 6 8 A D D C 8 3 F 7 B 6 C C 2 5 8 9 0 1C
B A 7 5 1 E 1 2 B 1 5 6 6 2 B 8 A 6 D 0 C 3 9 2 6 2 5 F A 9 3 C 1 6 2 2 9 5 9 B 2 6 5 0 0 8 B 8 4 18
A 9 0 D E 1 7 C 5 7 4 C D 9 4 6 4 0 E 7 7 D 0 D 1 3 C 5 5 2 4 5 4 F F 7 7 3 E 4 C F C 7 C D 4 8 D 0A
C 7 9 2 0 4 3 8 4 7 E F E 9 5 9 5 0 D 1 B 4 3 7 2 E 2 0 C B B 9 5 3 9 E 3 6 9 D 2 4 5 9 C C 1 D 5 0D
5 0 3 F A 1 A 2 0 B 9 9 F D 3 A A 9 E 2 6 8 D 7 E 4 0 2 4 F 3 4 E 2 9 C 1 7 6 C 4 2 F 4 E 1 D 5 1 33
7 6 6 7 2 5 5 E C 7 4 C 0 9 B 6 4 1 1 D A 7 F 1 8 7 1 0 D 5 1 E 2 5 9 5 1 4 0 9 4 7 A 6 F D 7 7 8 1D
D F 6 6 5 8 2 6 1 8 9 A 5 C 2 F 8 9 B 8 A 9 0 5 5 0 A B 6 D 7 7 C 1 2 D 2 E C 1 E D 2 1 0 B D 6 9 18
1 3 B 0 0 8 1 2 B E 2 E F B 4 F 1 4 9 1 0 A E 3 4 B 8 1 D 5 A A F E D 1 8 7 8 F B 0 F 7 8 B 3 7 9 13
D B 6 1 4 F 0 F 7 7 F F E F 0 E 0 1 0 9 D 2 5 6 4 6 B A 5 5 6 5 B F E 1 2 0 3 A 3 9 F A 8 F D 6 3 10
7 D D 4 F 9 C 3 B 8 0 C 0 2 A F 6 D C B 3 C 1 4 C 1 C 5 8 2 3 5 E C 0 2 A 1 D C 0 E E 6 9 3 C E B 2D
0 B 5 6 C 9 B 2 C 5 7 C B D 4 A D 5 C 0 F B C B B 5 3 6 9 5 1 2 E F C 4 8 1 D 8 D 3 5 A A 2 2 9 0 2D
C C 4 3 1 6 D 7 1 F 1 C D 8 1 C 1 3 F 1 1 4 A 9 3 5 E F F 8 B 9 9 B 9 8 5 2 E 3 A 7 5 4 A 3 2 5 B 11
C 6 D 1 4 1 3 D 0 1 0 F 5 8 3 5 8 5 2 3 A 0 8 6 E 7 C 2 1 C 8 3 5 F 0 5 8 7 F 6 2 1 0 1 3 3 6 7 4 2F
9 B F 4 C D 4 2 5 2 D F E 1 C C C 1 8 2 0 9 F D 2 9 4 F 0 F 2 2 9 7 1 7 7 2 C A E D 2 B C C C 4 B 0C
9 8 2 9 C 0 E A 7 5 8 C B 3 E 7 1 F C A E 1 3 6 4 6 7 1 9 A 7 B 9 C 6 E 6 A 4 C A 8 F 1 F 8 6 4 0 17
6 A D F 1 F 0 A E 5 1 1 8 7 0 A 9 B B A 0 C B 1 6 8 7 7 3 8 B 7 8 9 4 1 F 0 6 6 1 9 E 6 E 8 3 6 7 1D
D D C 3 2 C 9 C 8 E 0 F 1 6 D 0 B 2 2 9 9 5 E 2 8 E 9 2 A 3 8 A E D 4 F 3 E 1 1 7 1 5 7 7 0 2 2 7 21
C 7 F 4 E C E 8 7 9 0 F 6 E 9 A 7 0 9 A 0 4 6 3 B 9 B 2 3 B D C B 2 E 2 1 E 6 0 5 C 5 B 8 B 8 0 5 2B
F 9 3 D D D 8 0 5 C 2 F 0 1 3 C 1 E 0 A A 8 F C 8 B D A F 6 1 4 6 2 6 E 3 C B 7 8 C 2 B F 5 1 0 0 21
B C D 6 8 A 0 0 B 1 5 4 C 5 F 8 3 5 9 3 D F B 2 3 8 7 3 E C 4 9 C 9 E 6 2 7 1 F 1 6 5 A B 1 4 8 B 0F
C 6 7 1 B 1 A 5 1 D 7 0 0 8 1 A A A 3 E 0 D 7 6 B 6 4 6 3 7 3 B 0 4 0 0 7 1 3 A 6 A E 0 C 1 D D E 24
1 A 1 7 3 1 B B 4 1 A 4 0 4 6 F 2 D C 4 6 5 A 7 5 0 D 0 1 9 A 8 8 A 9 E 5 2 1 E 9 3 D E E 2 3 6 2 1A
B C 3 D 1 C 4 9 5 A E 6 4 1 A B D 4 0 D 4 B E 4 9 5 2 3 7 1 6 6 D 9 C B 5 3 F D 0 C E F 1 6 8 A 6 20
4 D D 7 3 4 3 B 8 6 0 6 D D B 5 F 8 8 C 2 D F A A B 6 1 9 8 2 9 C 2 A E 1 A 1 1 D 1 6 1 1 2 8 9 1 28
1 5 6 3 4 A A D B 7 A F 9 9 8 0 C C 8 F 3 A 1 0 9 B C 1 B 9 B 7 C D 1 0 D 7 0 4 8 E 6 7 2 1 9 7 1 2A
8 0 6 B 8 E D 7 B C E F B B D 6 3 F 8 3 7 3 F A B D E 4 2 5 5 0 7 1 F 5 2 1 5 0 8 C 5 E 6 2 5 5 2 2D
0 4 6 C 1 4 9 6 A 6 B E 1 B C 7 D 3 4 1 F 0 5 7 4 F 2 1 F 1 F 4 C 7 4 1 2 D D 8 D B B A 0 F 1 5 9 14
C 0 9 D 0 F 3 F 2 D F 0 8 1 E F 3 8 6 1 8 0 A 1 C E 5 4 0 B A E A 5 A E F E 1 1 D 2 A E 5 D 1 D C 2B
A 1 F E 6 B D 6 C 4 6 7 4 7 1 A F B D 4 B 2 4 F D 4 3 D A D 2 7 7 7 9 2 B 5 E 7 F 7 C 1 0 7 6 F B 33
3 D 8 0 C 6 0 E D E 8 E C 2 F 5 0 E 3 E 1 F 3 B F B 6 4 0 B D 4 C D 0 9 2 4 8 2 4 1 2 2 F E 7 5 C 36
9 0 2 8 E A F D 8 E F E F 0 A 1 2 1 A 7 2 C E B E 4 2 B 5 2 A 5 3 A D D 8 E A D 7 9 C 0 C 9 C 6 5 31
3 5 5 3 8 E C 1 2 5 B 0 C A 5 F E 8 B 0 0 5 F A C 2 B 8 7 5 B 0 C C 6 4 2 2 3 A 4 7 0 5 7 1 A F B 2E
9 4 7 9 9 F 7 D C A D 4 4 D E A 4 E A 7 F B B 7 0 5 9 3 D D 0 3 3 7 6 6 6 A F 4 1 A 2 D A 1 1 0 9 03
A A 8 8 A 6 1 7 A 5 6 6 D 5 F 4 0 2 4 8 C 9 F 8 C 8 6 C 9 E 1 0 7 6 6 7 3 1 E 5 5 6 7 0 6 6 E 1 4 2B
6 A 3 3 1 C 1 5 8 9 0 E 6 8 0 1 B B A C 2 7 5 6 B 9 2 A D 3 A 4 F B 9 7 0 E 6 D B 1 7 A 5 F 4 2 B 29
5 2 9 C 3 4 2 9 4 E 8 9 5 D 7 1 2 8 E A 3 2 0 B 0 A 9 7 0 C 7 0 1 E 9 1 7 C 0 2 7 0 8 9 E 8 9 B 4 08
D 8 7 0 8 D 9 1 5 3 C 2 C 3 2 1 B 0 3 2 4 4 9 D 7 3 9 C 3 3 C D 1 E 0 2 3 9 8 A D B 5 2 1 7 F 1 A 1B
B 4 2 3 3 2 C 1 5 B 8 1 4 A A 6 7 A 9 5 C 1 D 0 6 D 5 D C 2 7 4 1 7 D E 3 5 3 8 A 0 9 0 8 B 3 8 6 1C
1 6 B 1 3 7 E 9 F 1 F 4 2 1 9 5 E 7 A C 1 6 4 1 A 9 6 6 2 5 9 E D 5 A 5 4 5 3 A 1 1 4 D 9 C E 3 4 28
E B B F F 5 8 C F F 1 3 B 8 8 E D 2 5 1 D A 6 9 E E C A 9 E 9 8 0 A 1 D 3 6 8 6 0 B 2 0 B 7 D 2 8 35
7 C 0 C 0 1 8 5 4 3 B 0 8 B 7 7 D 0 0 B E 1 1 7 0 9 F 3 2 F 7 5 5 0 4 4 8 8 E D 6 0 A 3 F B 7 D 5 04
5 7 E C 9 B 5 F 2 5 3 E 5 6 D 0 5 A 2 F 8 3 B E 8 D 2 5 F C 9 5 B A E 7 E 3 1 6 A 6 C 1 0 E D 4 4 26
5 7 F 8 6 5 6 0 D 0 5 2 F C 7 B 6 F 5 B 4 F F C 7 6 1 F 1 2 C 6 E 1 F 9 1 B 4 D D 0 D C D 2 2 0 C 22
4 B B E 9 7 9 A 0 3 7 B 7 0 7 D D A 4 5 6 3 1 7 9 B A E 2 F 5 8 4 4 6 1 F B 6 9 E 3 B 8 A 6 0 C 6 23
1 8 3 E 2 6 7 4 5 D 9 0 7 0 5 B A 3 9 C 2 5 6 0 9 D 9 9 7 7 2 7 D A 8 E A 2 D F 0 D 1 7 B 3 1 2 0 1E
2 F A 0 E D E F 1 6 9 9 B 1 B F 0 E A 4 6 1 2 C 5 F 1 2 C E A D D 3 E 2 5 3 C 4 A 6 7 3 3 5 8 9 5 1B
9 3 F 7 2 6 E 7 3 1 3 5 E 2 9 7 B 1 E 5 C 0 C 1 5 7 5 7 8 B 6 4 3 E B F C 4 E 2 A 5 8 B 5 4 6 8 D 14
3 B 5 1 3 9 F E F D 5 6 F D C D 9 9 1 E F 2 8 E A D E 6 F C 6 8 F C 2 5 5 A 8 1 9 F 9 B 9 E F A 6 28
A 1 E 4 F 0 5 F 4 6 C F 7 2 F 0 8 C 1 3 0 7 C 1 5 E 4 A A 5 3 E 5 F 6 A C 8 B 3 E 6 4 C F 3 8 B 5 1A
8 F E 2 5 F 7 0 7 2 8 8 4 4 F B A 9 E 4 C 7 1 0 6 E 9 0 8 5 4 E C 8 9 8 0 A D B 9 5 9 1 B 9 7 7 A 1F
9 9 F A 9 5 3 0 5 B E 8 4 A 4 7 F E 7 3 A F E 6 D F 0 F 8 3 A F 2 D 2 1 C 4 B D F C 0 A 0 7 F 3 B 31
3 1 E A D A 8 A 1 D 4 B 3 8 B 6 1 3 0 F 4 7 0 4 4 A C A F 9 F E A 9 1 6 C 1 9 1 F 7 8 4 C 2 2 D 5 0E
7 C B C D C 0 C F 4 8 5 5 E 7 A 3 C 5 4 9 F 3 A 7 2 4 1 C 5 3 8 B F 0 7 7 5 7 E 6 F 8 7 D D 8 7 D 1D
4 B 7 3 D 4 9 2 A C C 1 3 D A 8 3 6 0 9 4 8 B 9 2 8 2 4 9 E 2 9 E F C 2 B F B A 6 A B F 4 0 D 3 7 0B
9 7 4 8 0 9 4 3 B 9 A 8 0 F 5 6 D 8 A 9 9 D F 7 5 B 1 E 9 C A 6 8 4 F C A 3 1 E A 4 1 4 9 0 8 A 0 1D
7 3 5 6 0 5 2 2 9 9 F F 2 0 E C D 5 3 4 1 C 5 E 3 F 4 E 3 1 E 0 0 B 0 C A 2 A 9 E A 3 6 D 2 F 5 4 10
4 A 0 A 4 F 3 1 A F A 6 A 0 4 4 9 2 1 2 C A F 9 C B B 4 9 8 C 2 7 B 4 1 C 7 8 3 E 8 9 7 8 C 0 9 3 2C
F B 3 7 3 E F 9 F 4 A 3 0 4 6 3 4 8 7 1 D 9 0 6 1 E 7 E C 4 0 3 F 6 7 8 1 B 1 F 1 E 6 6 6 8 9 9 7 07
E 2 1 2 D 6 4 B 1 A F D 5 9 B F 5 9 4 5 8 9 3 B 3 4 0 E B 6 E 9 0 1 4 2 D C 9 7 2 C 3 5 3 6 0 A 2 13
D 2 3 8 1 C 4 8 E A 7 E 7 C C 1 9 0 6 E 6 4 A D D 2 D E 3 7 7 0 6 F 5 1 4 0 9 C 8 5 F 0 4 0 F 6 3 2E
1 E 5 3 A 2 F D 4 5 9 0 B B C 0 7 2 C F 7 1 B 7 A 2 7 5 D 1 5 6 5 C 7 6 0 0 9 7 0 D D D 5 7 E 2 2 21
1 B 0 9 E 9 0 E C 1 C E C 4 D 4 1 A 3 6 3 2 6 8 8 E A 0 0 6 6 2 F B 1 C 6 2 8 D 3 4 6 B B 2 1 7 A 1C
A A 7 6 B 7 C 8 E 4 A A 2 F C B 6 F B 6 B C E 9 9 5 3 1 6 5 9 7 9 C 3 D D C 9 7 9 2 3 9 7 B 4 B 5 23
D 5 4 9 7 5 5 E 0 C 5 F B 9 5 6 3 6 D 0 A B D 5 C 0 8 E B 3 5 1 8 B 2 C 4 C C 9 6 0 3 8 0 F A 7 E 29
4 8 8 D A 5 4 1 C C D C 0 F 1 8 8 D 0 A 3 8 D 0 F 0 D 1 2 1 C 5 9 0 F A 4 5 E A 0 A 3 9 E 6 8 C 3 35
A B 0 5 E 9 F 6 E 1 C 1 A E 6 D 0 7 B 3 D 2 7 F E 8 F 0 5 A 6 C E 4 6 F 2 0 7 1 8 9 1 7 4 5 9 B 5 32
E 8 D A B F 4 8 4 B 2 6 E 5 A 8 9 7 1 F D 0 2 9 8 5 E 0 5 D 7 3 F D 4 2 7 E 6 B 6 B 6 C F 1 C 1 0 1C
C 9 C 0 E 1 2 9 4 9 3 2 C 6 D 5 7 B D 6 0 6 D D 2 A F 1 8 8 3 3 C 4 4 9 F D 3 5 F 8 4 1 3 C 9 2 D 10
6 7 4 A 8 9 4 5 7 4 7 E 9 C B 9 8 F B 1 E 3 7 0 0 4 C 9 7 3 C E D 7 1 E 6 9 B F 7 4 7 A 7 6 F 9 3 06
F 2 5 C 3 D 3 0 0 9 C D A B 7 2 F 2 D 7 7 5 E 2 9 8 9 3 1 1 4 7 2 F A 2 3 3 1 8 7 F B 7 F 3 0 9 3 22
5 9 1 6 A 9 6 7 F A 6 3 2 6 5 0 7 4 4 6 6 D B F C B 9 B 7 F 1 9 A F 3 F B 3 F 4 D 0 4 C 7 1 7 1 C 2E
E 6 C 5 B 9 1 9 3 D 3 E 8 D C F 8 9 9 6 5 B E D 9 B 7 9 4 2 2 B 2 E 3 7 2 D C 9 7 4 2 F 1 B B F A 26
9 B B 0 4 8 8 B 6 6 A A F F 8 8 0 C 5 A 8 F C F 9 3 3 1 9 E E 6 8 2 D C 8 F 0 0 F C 0 E 4 9 A 0 D 25
3 3 D D E B 9 1 6 7 A E E 7 3 D F 3 A D 7 B 2 0 3 1 1 B 3 D 8 5 0 4 A F 5 D 5 F 7 2 B 8 E 1 9 A E 0E
6 5 1 B 2 D E D E 3 F 2 E 5 8 7 8 E 9 0 C B 3 C 7 C 6 C C 5 0 7 A 2 1 8 8 4 3 E F 1 2 8 5 7 3 1 4 1C
A A 1 1 2 9 1 8 F 0 5 F D 7 4 0 4 8 E 6 F 1 C C 3 E 2 B 0 7 6 D B 0 6 3 1 9 D 3 F A 2 7 A D 7 F 4 14
0 1 B 4 0 3 8 E 5 B 7 F B 1 0 5 A C E B E B 8 B A 9 2 1 3 2 F 0 0 A E D 4 D 8 4 3 6 1 8 D 5 A B E 2A
2 A 6 B 5 1 8 0 E 1 7 D 3 0 4 1 D 1 4 1 F 5 3 9 8 E 6 2 3 0 F F 9 2 6 B 3 E D 6 2 F 8 5 A 2 0 D 8 23
A F 4 3 0 E 4 C 9 1 9 F 4 8 6 C 5 4 1 5 A 6 8 F D D C C 6 8 C 2 9 4 E C 3 A 4 0 7 8 2 9 9 0 6 6 B 35
C C 9 1 8 F F C A C 4 3 7 4 C E 7 0 4 1 1 9 A 3 2 8 8 8 E 6 0 C E 3 E C 6 6 D E E 2 8 3 0 5 5 3 A 0A
4 8 6 9 C F B 4 C B 8 F 4 B 2 B F 1 A C 3 2 4 A 9 D 7 C 0 8 4 8 9 F C A 3 D 3 5 6 6 4 D D 8 8 5 3 28
4 7 1 8 A 4 B 9 8 C 8 3 B 4 F 2 A 5 7 C E B C E B 6 6 1 8 2 B 8 D 1 2 B 9 4 9 7 C 6 A 5 C D 4 0 5 2C
E 2 1 C 1 3 3 5 D 3 F F 2 C 8 B 9 C 3 C B D 7 3 3 6 3 4 A 9 0 E D 1 C A 8 A 0 7 B C 6 F 1 8 4 A 6 12
8 1 9 F D 6 0 C A 9 1 6 2 8 4 8 E 6 6 1 B D C 8 5 8 D 7 0 6 D E 0 E 4 B 8 0 D 6 0 A D 8 2 C 9 4 F 1A
D 8 4 2 7 B 4 6 B F 2 D C B B D 3 A C A 1 3 6 4 D F 4 1 9 4 7 B 0 B 6 3 F 5 0 3 2 7 0 3 8 8 4 5 0 31
B 1 5 1 5 A 9 1 F F F 8 B 4 7 E 3 C 2 5 3 9 F A 6 E 4 F 2 B 7 2 B 9 6 1 5 6 6 C 8 D 4 5 4 4 9 B 8 1A
E 9 D D A C 5 C 5 3 C 4 A 2 0 E 8 8 F 1 4 9 F 8 C 9 8 0 2 B 7 A F D 0 6 5 F 5 8 C 5 0 8 3 5 E 8 C 2C
9 4 5 C B E D F F F 9 8 6 1 C 8 5 2 F 8 8 1 1 B B 0 8 4 D D 3 1 2 3 E 5 3 5 9 D 4 1 E 6 E C 2 C 1 29
E 5 0 2 F 7 6 6 E 0 F 5 6 D 8 8 7 F F 9 8 E A 2 6 5 B 9 B 2 B 7 9 D 7 4 5 3 8 F 8 3 9 7 0 0 1 5 B 1E
A B 5 2 7 C E F 4 F 8 8 B 2 6 C B 8 B E D 8 F 3 A 1 D 0 1 E 1 E 5 1 5 A F 4 A D 7 F 3 7 4 6 9 E D 27
4 6 E F F 3 3 B 6 6 C 8 3 F B 5 6 7 F 9 D 8 F 7 9 E C C 4 6 B 6 1 7 4 7 A 2 D 4 2 B 4 5 1 5 0 B 4 24
8 7 1 0 A 2 D A B D A 0 5 C 6 4 9 6 C F 4 5 F 3 9 D B 3 6 9 D 9 8 2 F C E A F 1 1 B 8 5 2 5 7 B A 25
0 2 C 7 9 5 B A C 6 D 3 D B 4 B 8 A 8 1 B 3 D B 5 A 8 4 9 4 2 0 E B 9 C 2 6 3 1 0 B 4 2 2 E D 5 C 1A
3 4 E 8 3 4 1 0 6 6 F A 8 9 C 8 5 6 5 C F F 0 1 1 1 3 B 4 C 0 7 A 2 A 5 D 7 9 A D 5 D 8 1 B A B A 06
4 2 3 C 9 5 D 8 F 0 1 5 B 2 4 C 4 B 8 8 E 0 4 A 1 8 5 E 4 E E E A B B C 6 D 8 5 B 6 0 5 D C B C 0 0D
8 B 6 5 D 1 A B 9 B 2 9 6 5 F 2 2 3 0 6 0 4 C 6 3 5 2 E A 7 F D 3 1 C C 5 C F A 3 7 2 E 4 B C 7 7 0C
E 4 F B A 5 5 4 2 D 5 0 E A 9 9 5 A D F 6 F B B F 0 A 9 B 6 4 8 D 4 5 8 B A 0 A 6 9 B 9 3 F 8 5 9 33
6 A D 9 8 7 B 5 6 8 5 1 F 4 3 E 0 1 3 7 B E 6 C 6 4 B 6 0 4 C 3 A 5 5 E 8 D 5 8 8 9 D 7 E B B C 6 1C
7 D C 5 F 2 A 2 C 8 1 2 4 0 5 C 6 8 C 7 2 4 3 7 7 F D 9 7 A C C 5 6 6 D 7 0 2 4 5 5 5 B 9 5 2 9 C 21
2 C A A 3 4 7 D D 5 4 5 1 2 4 0 0 A C 7 8 3 A 5 6 7 A 4 2 4 A 1 F 3 5 0 5 5 6 2 B 8 8 F 3 7 1 6 D 19
E 3 9 C 8 E 4 2 D C F 9 1 9 5 0 D 0 2 7 B A B C A F 5 7 A 9 9 5 B B 6 3 A 4 0 5 1 D 3 8 1 2 7 A B 28
9 0 C 9 4 C 6 7 5 B 2 D 4 6 1 1 0 3 8 0 E 4 0 D 2 A D C F C 2 A C 4 2 6 7 5 F 3 F B 1 2 9 B 4 A E 0F
E A 6 A D 8 C 1 7 C A 2 5 D 0 7 9 7 4 0 C 8 0 9 1 2 4 8 6 B B 0 E D 7 9 D D A 6 2 C 2 7 4 5 E 4 0 08
2 0 E D C C 1 D 4 B F C B 1 5 9 1 5 9 8 0 5 2 3 F 2 5 1 C 6 8 D D 9 1 4 3 E B 5 0 7 E C E 6 0 4 4 33
6 3 8 1 E 1 C 3 E F 8 7 7 D 6 4 2 B D C 1 5 4 F 3 9 9 B 9 D 4 5 2 6 3 E 5 4 6 F C C E D A D 0 5 7 10
3 7 0 E 3 5 B B F C 1 8 A 7 1 1 E 0 3 F 5 9 2 4 9 C 7 0 2 F 6 2 E F 5 4 D E A 0 1 2 A 0 6 4 A C 0 22
2 1 2 4 B B 8 D 0 5 4 1 C 7 8 A F C C 6 B F C D 1 0 5 1 C 3 4 F 7 E 9 C 1 4 B 0 6 2 E B 7 6 0 D C 0A
6 B 7 F 5 C 1 9 2 C B 3 9 E A C 5 7 3 0 8 6 4 5 3 A 1 F 3 5 A E 1 A B 2 2 A 1 8 B 4 7 2 2 2 A D 1 13
7 E 9 F B B 3 E 3 0 C 1 4 6 2 5 C 4 4 9 1 5 A C 4 1 2 F 4 C A 9 4 9 1 4 7 3 4 6 2 8 8 B 5 B 9 3 C 13
4 7 8 D A 0 B B 1 1 1 1 9 A 0 D 7 4 3 8 E C F 2 6 6 1 9 1 C 1 9 8 2 E D A C 7 B 6 B 9 7 7 A 3 F 2 19
F C 2 3 A 3 D D 0 A 9 7 1 2 2 1 5 4 8 4 8 3 8 2 F B 8 7 B B 5 0 B 7 B 3 A 7 C 7 9 E D 8 D 9 1 A 7 32
2 1 5 F 5 6 C 3 E D 2 1 2 2 E A 0 8 0 4 5 9 B 3 9 4 9 9 6 E D B C A 5 B 6 6 A F 7 9 0 4 4 0 F 1 2 1F
3 A B 4 D 7 E 5 A C 4 5 D 5 F 6 B 4 1 8 6 9 3 F F E C B 1 D 9 3 F F 8 5 E 2 C F 7 0 7 C 2 1 5 7 3 3B
9 D 1 9 9 E 0 6 7 B A D F 0 E 5 1 6 0 E 7 D D 1 3 F 0 A 2 1 F B 3 D C 4 0 5 C 4 B B B B 4 C A E 2 0F
2 5 B 0 A C 4 A F 9 7 A F 7 F 7 E 1 7 D 4 C 9 E 7 F 7 C 3 C D D B C D D 8 E 1 4 D 1 1 6 2 F F F 8 23
6 A D D 1 A B 7 D 8 C 6 D 9 B 0 D 8 2 0 7 1 C D 4 A 9 2 7 B D 7 4 2 3 E D 1 8 0 D 4 9 1 B 0 C A 4 17
2 1 9 A 3 1 F 5 3 2 8 F B 5 4 1 D 0 5 5 6 0 6 2 6 8 9 A 3 B 5 3 3 2 4 D C 2 A D F 7 F 5 3 6 3 B E 14
F 2 0 C 0 3 3 2 7 7 F A B D 8 3 B 1 4 C C 7 8 9 D 9 8 C 6 F A A A 5 C 2 D 1 8 B 1 4 3 4 F 7 9 8 D 2C
6 C F D 4 5 9 0 0 5 1 B 3 A 4 D 7 6 9 6 2 A 9 6 1 4 6 F C E 7 0 A 4 3 8 B 1 F D A 1 F 5 D 7 C 0 7 08
5 9 5 3 A D 5 0 F C 6 F 9 5 9 C 0 6 C D D A D 0 C 6 A 0 0 B 7 D 0 F 3 8 B 6 D 8 5 7 0 4 4 E 0 6 D 2C
E 1 9 0 D F A 0 7 6 B D B 0 D A 7 5 8 3 C 0 8 9 9 F 3 F F 2 A F A 6 B B C 5 1 6 5 5 9 0 F 6 8 B 0 25
B F F 8 6 1 D 5 E F 1 5 C 8 6 5 6 9 C 7 8 5 E 1 6 4 A 9 7 8 2 7 E 9 F 6 A 8 8 9 E B 6 F E 3 8 F 1 1B
F E C 5 B A 1 7 C 4 9 A 3 D 3 0 5 6 5 B 6 8 8 F C 2 6 9 0 4 B E 0 7 7 D A 3 9 3 D 6 F 1 5 9 B 8 D 2E
9 D 1 C D 8 9 C D 3 8 8 A 8 0 2 C D F 7 2 6 C 9 9 9 C 5 F B 9 4 1 8 5 0 3 1 9 1 B 9 D 8 D 5 6 5 0 28
E 0 B 7 4 B 5 9 F C 6 6 8 6 B A 3 F A 8 3 3 D 9 6 D F D 1 D 8 A 7 8 4 4 1 4 1 7 D A 2 4 0 A 8 F 3 1E
4 5 F C 6 9 6 2 2 2 4 9 A D B 7 D A 3 C E 2 8 A 6 F 4 A E B 5 1 3 9 5 2 D B 9 7 B 0 3 3 A 6 2 2 D 1D
5 5 F 7 3 A 9 2 0 9 F 3 D 7 1 D 2 5 9 8 2 3 5 E C 8 B 9 A 6 0 D 3 9 1 6 9 8 B F 7 6 C 3 1 C 2 9 1 2E
8 6 F 3 5 E 5 2 A C 7 1 9 3 6 5 D E 0 F F A 6 6 E D 5 8 3 1 2 5 B 2 C C 0 3 D 5 F A C 8 4 C 7 C C 33
E 9 8 B 6 0 0 0 2 E 3 8 1 5 0 0 6 D 1 C 5 0 4 9 6 0 8 4 5 2 3 9 A 8 1 D 5 F 2 8 0 6 D 2 C D D B A 1A
0 D A 6 4 7 6 7 B 1 C D 3 D 3 F B D 5 E E F C 6 7 1 2 8 0 C D F 0 4 6 5 D F 1 C 9 2 8 F B 0 4 0 A 23
3 9 3 2 4 A 9 2 E F 6 A 3 9 7 A 2 1 E F 5 4 9 0 E D 8 0 7 B 9 6 D 0 1 A A 4 5 3 2 B E D E 6 2 5 7 32
9 F 8 B E 6 5 2 8 F A 9 4 6 B 4 7 F 8 A 9 0 B A E C F 8 4 2 A 5 9 7 6 8 8 1 6 5 8 7 D 3 7 0 D 1 0 34
8 8 0 7 2 9 4 6 6 0 7 0 6 A 1 D E E D 9 6 7 E D D 8 E F 4 3 8 0 F 5 8 D D 7 8 1 E 5 8 9 C C 1 D 9 35
A 0 1 9 2 A 5 E C 2 1 E A E E 9 4 1 1 E 3 8 5 4 8 8 D 7 C 1 E 7 F 0 9 1 4 C B 7 1 F D C 1 2 8 9 1 21
D F 3 C 7 E F 9 6 C 6 D 4 9 C A 8 2 5 0 E A E C B 9 2 A 9 7 4 1 B 9 9 D C 3 9 1 B 6 F 0 7 7 E 1 5 28
4 3 7 F E A D 1 5 E F B B 0 8 7 0 F 4 6 0 F 6 7 8 C F D 2 9 6 8 4 C 3 5 4 7 B 7 E D 8 E D 2 2 D 6 21
5 A 6 5 0 5 B D 8 E 5 7 6 5 E 4 3 A 7 8 8 D D 2 E 8 4 F 1 A 2 4 0 D 5 7 3 3 0 2 D A E F 2 A 4 2 F 30
2 C A 8 2 5 C 8 8 C 2 1 3 1 C 1 8 4 4 E D 0 6 9 D C 7 6 F E B 6 F D 0 2 1 B F 3 0 6 5 9 C 8 B F 1 2F
C 8 1 3 B E 2 4 5 5 0 9 1 3 B 3 5 8 F 3 8 2 D F F 4 F D 7 5 9 B 2 A A 8 5 9 C 5 9 C 8 E C 5 D 9 A 3A
7 1 3 7 5 E A B 8 9 7 1 9 F C 0 E 2 9 1 F 9 7 7 5 E C 9 7 9 9 0 1 F 8 7 F 4 2 7 E F 5 C F 1 D 8 0 16
6 3 2 D A 6 2 E B 5 9 E 3 3 1 E 9 6 9 2 5 4 4 1 B D 8 3 7 4 7 6 E D 0 E E 5 6 C 0 B B E 2 3 7 2 6 26
7 E E A 3 E 7 E 3 A 3 E 1 3 2 C 0 A 6 F 4 A 5 B 8 8 5 A 3 9 7 2 F 2 C 8 F 9 4 D C C 7 C 7 A B 5 4 1E
0 9 E E B 9 E 1 B 1 0 7 1 7 2 5 5 C 7 A 3 B F C 0 1 6 F 6 D C 8 7 6 1 E 5 5 A 9 D 3 E 1 4 2 E 9 E 08
E 7 1 6 2 6 8 A 2 F F B F 8 D 4 7 F 5 9 D D 0 8 3 4 5 C 3 F 4 5 A C 0 6 C C 2 3 A B 1 E F 5 2 0 5 13
F 1 8 7 3 0 0 1 5 E 9 6 8 A 5 0 9 B C B 6 5 B 5 F C 1 4 3 7 A D B 8 E 5 5 8 D D F F 2 9 F 1 D 0 4 35
1 9 C 9 5 1 6 5 B 5 0 C 5 F 1 0 2 D A 9 9 B D B 8 C C B 8 6 1 E 8 4 E D 3 9 1 1 4 8 7 2 E D 7 A A 27
B 9 E D E 2 C A E F F B D 1 1 7 3 D C 7 4 B B 6 5 7 9 0 F A C 9 5 9 0 3 B 3 7 0 F B C 1 9 0 9 4 A 1C
7 A F 3 8 D 1 4 9 2 F 5 A 8 3 6 A 1 7 9 A B 4 E 0 0 5 4 A 3 D 7 3 2 3 6 7 A 9 2 7 C 2 1 E 7 7 A 8 05
E 0 5 6 1 B D 3 E 2 7 5 C F E 6 2 4 E A 0 2 6 3 6 9 C 9 E 7 F F A E E 1 C A 1 1 D 3 5 8 8 7 1 6 B 18
F 9 9 9 0 A A 7 5 3 A 5 D 4 4 3 2 2 D 4 9 5 1 B 9 E 9 3 1 9 4 B D 4 B 7 E E 7 B 1 6 F 7 F 6 B 7 B 28
C 9 3 B 9 F 5 7 A B 9 6 0 A C 4 9 5 6 F 0 F 0 1 D 3 9 2 6 E E C 7 B 0 A A 0 8 0 A C 8 4 3 C 6 2 C 2C
7 8 E A 3 C 9 C C 4 9 5 D 4 7 6 F B 0 D D 1 B 4 7 A E 8 D C 2 9 5 E B C D 7 8 7 4 3 8 C 6 F 1 E D 1D
9 5 D D 0 7 5 4 0 7 8 5 1 0 8 3 2 3 E C D 7 6 8 A 6 A C 9 5 E B A B 6 5 5 4 3 9 0 5 4 9 9 7 B 6 0 28
3 F 9 E B A B F 0 0 E 3 7 1 A B D E A F E 9 4 6 B 1 7 3 A 5 9 3 3 F 0 3 4 0 0 2 1 0 F 0 1 2 D C 3 2A
B 9 1 3 8 1 8 E D 3 8 7 F E F 6 A 7 B B C 5 F C 9 3 2 A 6 A 9 1 4 E 3 8 B C E 7 9 9 6 7 F 6 B 2 F 22
8 F 9 7 D 9 8 6 A 8 F 9 1 4 6 6 E D F B E 2 7 1 4 D 4 5 9 E 0 5 B 1 A E B 6 F 9 0 5 3 9 5 B B F 0 13
0 F F 3 8 1 2 4 F 4 C 4 3 E B 5 E C 6 D 0 A 0 8 0 6 F A 8 2 0 D 0 9 A 7 C A E C 1 5 7 5 4 C E 5 E 04
0 2 4 F 9 8 C E 2 2 7 4 4 2 6 6 8 9 3 5 C 4 4 C 9 C 4 A E A E F C F A A C 5 1 7 A A 4 D B 6 B B E 28
B 1 8 6 9 5 F 4 3 E D 3 C D 2 A 4 E 3 E 8 F 5 C 8 6 8 9 F 9 8 C E A F 2 D A C 7 C B 6 8 C A D 8 7 25
E B 3 3 3 2 A F 8 8 9 D 4 F 7 B 1 C 6 4 6 B F E D 3 F 1 2 C 5 0 C 2 3 5 0 3 0 F B 8 2 4 C 0 2 8 8 32
8 E 5 4 8 D 8 9 3 4 E 3 7 D 6 E 2 E 3 C A 0 4 A 3 1 8 7 B 0 3 9 5 F 0 D 7 7 E 2 E B C 5 3 B 5 4 1 0E
9 8 5 A 7 3 7 E 9 8 1 4 0 5 1 A 3 6 D 2 F 7 9 3 1 A E 6 3 4 B 2 2 1 7 2 1 5 2 6 5 C 4 5 6 0 4 4 A 0C
1 1 5 3 8 8 4 0 1 0 9 9 C B C 9 6 6 7 4 D 2 9 B 4 0 D 2 F F D F A 2 E C E 8 6 F E 6 B F 5 3 C 3 4 15
E 1 1 2 7 0 5 1 B 3 6 1 6 7 D 2 A C F A 4 4 3 E E 1 A 3 E 5 A E 1 8 7 B 0 A 6 E D 4 5 C 4 0 2 3 F 35
6 9 5 3 1 4 E E B 2 6 D 4 7 1 1 D F 4 C F 7 4 2 F 9 D B B 8 F 4 7 D 5 E 1 3 D 4 1 8 1 2 9 6 1 D 2 38
3 4 E 4 E 1 6 7 0 5 9 6 D A C 3 4 D D 1 F 6 A B A 9 E B B F 4 6 E 6 9 F D 3 3 1 A B 8 D 3 4 0 0 0 29
A 3 E E D 9 1 9 5 3 8 6 1 8 4 5 5 A 3 9 7 B 8 0 A C D 1 4 9 8 D 2 1 9 8 2 8 B 7 3 F 7 7 E 1 3 B 2 26
0 B 4 9 8 E 6 2 A F 5 A 0 F E 3 1 D 7 A 5 9 6 E C E 3 E 9 E C 6 B 9 B E 0 2 E 0 9 2 8 7 0 3 3 8 E 2D
4 5 3 C 4 3 3 8 F D 5 E 5 C 0 D 7 D B 8 3 C F 6 B 4 C D 9 E D 0 2 F 7 7 0 1 8 F 5 9 8 3 E 1 6 3 8 2B
A F 3 9 B D C B 9 3 7 E A 5 1 D 7 7 E 3 5 A A 3 1 B 7 0 5 9 E B 0 3 4 0 7 9 1 E E E 1 3 A F E 2 E 0E
8 3 2 C C E E A 5 7 F B A 6 B E C 4 F E A 5 A 7 4 2 E 0 C B F 0 A B 3 3 A 3 8 6 2 F 4 5 F E F 6 8 11
9 6 F B 1 0 0 E 6 7 2 1 9 6 5 C F 0 5 E 8 5 A 7 C 5 E 9 0 5 7 5 A 8 C 6 A E 8 5 9 1 C A 5 C C E F 2A
6 1 7 4 B F 6 8 F 9 7 D 2 F C C 1 8 5 5 2 C C A D 2 C 3 6 3 C 2 E 1 5 D 5 3 D F D C 5 7 9 0 9 1 0 2C
3 9 8 E 0 C 4 C 9 E E 9 E C 7 F D D 3 9 2 6 2 9 B D 7 F 9 1 8 A C 8 E 4 D 3 4 D 4 3 7 E 4 A D 2 6 2C
C F 8 3 8 D D C F A 6 4 B 2 1 4 8 D 8 5 1 7 6 B B 6 0 3 4 7 A 5 1 D C 5 7 2 F 2 A 2 8 1 E 3 8 5 4 29
B 9 B 3 4 6 E 6 6 F D 8 4 4 C 3 F C E A B 0 6 7 4 1 8 C 6 F 9 D E 3 7 2 0 D D F 2 0 4 0 8 C 6 A 3 1A
F 3 9 C 8 9 9 3 C 2 E B E F A 5 4 8 2 A A 4 A 7 2 4 7 A A 1 8 6 A 6 9 2 0 5 B D 5 6 8 2 9 6 1 C B 11
5 8 A 3 F 3 4 9 1 D 7 D A 7 2 4 C 6 D 9 2 C 4 0 A 8 6 A 0 1 F F 9 F 2 E 8 E 7 2 1 E 4 5 6 5 6 0 E 2A
E D A 6 E 3 F B B A 9 2 9 E 2 2 7 E 9 F 6 0 E 0 7 D 0 C 3 A 8 C B C E F 6 A A F 1 3 6 C 5 9 F 3 2 25
C 9 C B A 0 5 8 6 D 2 4 2 A 1 9 3 F 3 D 0 3 A 4 4 B 2 F 4 2 B F 1 D 3 4 C 8 1 5 F 3 3 7 5 3 1 3 3 1A
8 8 A 2 1 5 A D F 0 D 3 C A 3 D 1 8 5 5 7 E 3 8 3 2 3 F 2 D 0 D 0 0 1 0 A 3 1 B 1 B 6 1 9 7 C 6 B 0D
7 7 3 2 2 2 D F 8 4 C 6 A C C 3 B 0 0 A 9 F E F B A 5 4 9 3 4 C 9 6 E 9 B F A 5 9 D 2 6 5 6 8 E 6 2C
3 D E 8 6 8 D 5 B 4 C 6 4 4 5 A D 8 4 2 C 3 E 7 B 2 D 1 6 B B 3 1 E 8 8 D F 9 D 4 A 9 5 1 2 0 0 5 26
F 0 D A 1 A F 7 0 3 7 2 F 8 C F B C 4 4 0 4 8 9 F C 5 3 3 D 8 E 2 B 2 0 5 F 2 0 8 C 5 0 4 A F 1 0 37
E A 1 9 8 9 B 1 F 9 8 6 1 D 5 0 D 4 2 0 3 A 7 E 6 A D 7 F 5 9 2 9 D 7 1 2 0 B 2 1 E 4 8 3 8 9 0 F 1A
E B 6 F 7 4 A D 5 8 B 8 0 2 4 E 0 1 D 1 5 4 5 9 0 A 8 E F 0 A 4 D 4 1 4 4 7 C E 7 C 7 A 8 7 8 D 3 06
8 2 1 B 2 F C C 9 E 2 3 B 6 6 1 0 8 7 D 2 7 A D 4 1 2 D 1 F D 9 7 D 8 5 D A 9 6 4 2 9 F 3 4 9 C 0 15
A E 4 0 B 7 E 4 D 8 A 7 0 F D F 7 B C 0 7 6 0 F 7 F 9 7 2 F 1 C A 7 8 8 7 C 9 4 6 8 0 C 7 0 1 B 5 23
6 8 4 5 D 6 6 5 0 0 F 7 D 8 7 B 8 8 E A E D 1 2 E 2 6 5 B F 7 7 A 9 6 5 A 6 A 5 A 4 7 C 2 2 2 0 2 2F
6 8 C 7 6 1 4 E 2 8 6 7 F 0 B E 9 1 5 2 8 A 5 4 7 9 7 A C 4 4 4 9 C B 4 0 F 3 B D A E D 8 C D 1 0 1A
9 0 6 5 9 6 9 E 8 C 1 8 A 0 9 F 4 2 1 B E 9 B F 8 2 8 E 2 B 3 A C B 0 A 5 F F 4 3 9 2 2 3 0 3 0 A 21
2 3 5 7 0 E 3 1 0 2 0 2 5 8 C 7 C 3 F 9 2 9 E 2 6 7 F 9 B 9 E 4 8 4 A 2 8 5 9 1 B 4 C 2 5 B 2 3 F 1A
1 0 6 5 4 2 1 A B 3 F 7 6 8 2 1 5 A E A E A C 5 4 2 A 5 8 F 3 C C 2 A E F 0 0 C F 2 B E 3 4 C 4 D 14
2 6 C C A 8 C D D E B 2 D 7 6 F D 4 B 2 2 D 7 0 D E A 2 8 6 6 D 3 0 B C C 1 E A 7 6 6 6 B D 8 A 8 2C
3 A 2 D 6 5 6 5 5 C 7 1 4 9 1 4 C 5 A 7 E 4 9 E 1 D 4 A 1 2 B 5 1 C 6 7 1 D B 6 3 A 8 F 4 6 5 5 8 10
B 8 B 0 0 8 E 5 D 3 8 0 D 9 1 5 B 8 5 3 5 2 5 0 B 4 3 3 7 8 1 1 3 E 6 E 0 B E E 1 D A 8 C A 3 4 5 23
B 4 7 1 A 6 3 C E C 6 9 E E 4 6 A 2 D 2 6 6 B C 2 6 B B B 2 3 3 4 7 A B 7 4 8 4 C E 2 8 6 4 5 5 C 0E
4 A 9 0 C 8 7 4 8 4 C 0 C 6 A 7 9 1 9 D E 8 1 A 7 4 A C 8 0 B 4 0 3 E 9 D 8 5 6 5 B 7 B 9 C 5 E E 1C
E B 0 C D D E 6 5 A B 0 4 7 1 9 6 4 0 E 2 2 E C E 0 B A 0 1 4 7 D 9 A B E C A E 0 C 9 9 9 0 B 7 7 34
5 A 7 A 8 4 A C 0 3 F 5 6 1 F F 4 E 8 3 C E 8 9 E 9 0 F C 5 E 8 8 F B 9 C 4 E A E F C 8 1 A 9 4 7 34
6 8 B 8 B 6 8 6 8 9 A 1 A E 6 2 0 1 4 7 C B B 4 4 0 3 1 F 7 A 8 4 F 0 1 5 7 9 8 E C 5 5 9 3 E 2 E 0D
0 D A A 2 9 3 B 6 6 1 B 9 0 7 E 0 B F 0 B B 0 9 B 9 7 A A 1 9 0 3 3 F 1 B 3 7 B 2 5 1 9 7 4 9 D 9 2A
1 B 8 A 8 F C F E D B 0 1 0 C 5 7 1 4 F C F C E 7 A D B D F C 4 A 7 9 5 8 C 7 2 6 9 4 4 2 2 1 1 1 1E
A E 1 E 7 7 1 E E D 2 7 7 F 4 5 8 9 6 F A 3 E D 0 5 6 5 7 D 0 4 8 6 3 7 1 4 5 0 B F 1 0 5 7 8 9 B 0B
8 9 6 1 0 C A 5 0 0 5 0 1 9 7 A F 3 3 7 7 3 8 A F 3 D 7 8 4 7 F F 3 F A E 0 C B D 3 F 6 C 4 1 F 0 35
# stress: channels=[1, 8, 8, 1] shifts=[4, 4, 1]
0 0 0 0 0 0 0 0 0 0 0 0 0 0 0 0 0 0 0 0 0 0 0 0 0 0 0 0 0 0 0 0 0 0 0 0 0 0 0 0 0 0 0 0 0 0 0 0 0 00
1 1 1 1 1 1 1 1 1 1 1 1 1 1 1 1 1 1 1 1 1 1 1 1 1 1 1 1 1 1 1 1 1 1 1 1 1 1 1 1 1 1 1 1 1 1 1 1 1 04
2 2 2 2 2 2 2 2 2 2 2 2 2 2 2 2 2 2 2 2 2 2 2 2 2 2 2 2 2 2 2 2 2 2 2 2 2 2 2 2 2 2 2 2 2 2 2 2 2 08
3 3 3 3 3 3 3 3 3 3 3 3 3 3 3 3 3 3 3 3 3 3 3 3 3 3 3 3 3 3 3 3 3 3 3 3 3 3 3 3 3 3 3 3 3 3 3 3 3 12
4 4 4 4 4 4 4 4 4 4 4 4 4 4 4 4 4 4 4 4 4 4 4 4 4 4 4 4 4 4 4 4 4 4 4 4 4 4 4 4 4 4 4 4 4 4 4 4 4 16
5 5 5 5 5 5 5 5 5 5 5 5 5 5 5 5 5 5 5 5 5 5 5 5 5 5 5 5 5 5 5 5 5 5 5 5 5 5 5 5 5 5 5 5 5 5 5 5 5 1A
6 6 6 6 6 6 6 6 6 6 6 6 6 6 6 6 6 6 6 6 6 6 6 6 6 6 6 6 6 6 6 6 6 6 6 6 6 6 6 6 6 6 6 6 6 6 6 6 6 1E
7 7 7 7 7 7 7 7 7 7 7 7 7 7 7 7 7 7 7 7 7 7 7 7 7 7 7 7 7 7 7 7 7 7 7 7 7 7 7 7 7 7 7 7 7 7 7 7 7 22
8 8 8 8 8 8 8 8 8 8 8 8 8 8 8 8 8 8 8 8 8 8 8 8 8 8 8 8 8 8 8 8 8 8 8 8 8 8 8 8 8 8 8 8 8 8 8 8 8 2C
9 9 9 9 9 9 9 9 9 9 9 9 9 9 9 9 9 9 9 9 9 9 9 9 9 9 9 9 9 9 9 9 9 9 9 9 9 9 9 9 9 9 9 9 9 9 9 9 9 30
A A A A A A A A A A A A A A A A A A A A A A A A A A A A A A A A A A A A A A A A A A A A A A A A A 34
B B B B B B B B B B B B B B B B B B B B B B B B B B B B B B B B B B B B B B B B B B B B B B B B B 38
C C C C C C C C C C C C C C C C C C C C C C C C C C C C C C C C C C C C C C C C C C C C C C C C C 3C
D D D D D D D D D D D D D D D D D D D D D D D D D D D D D D D D D D D D D D D D D D D D D D D D D 3F
E E E E E E E E E E E E E E E E E E E E E E E E E E E E E E E E E E E E E E E E E E E E E E E E E 3F
F F F F F F F F F F F F F F F F F F F F F F F F F F F F F F F F F F F F F F F F F F F F F F F F F 3F
F 0 0 0 0 0 0 0 0 0 0 0 0 0 0 0 0 0 0 0 0 0 0 0 0 0 0 0 0 0 0 0 0 0 0 0 0 0 0 0 0 0 0 0 0 0 0 0 0 3F
0 F 0 0 0 0 0 0 0 0 0 0 0 0 0 0 0 0 0 0 0 0 0 0 0 0 0 0 0 0 0 0 0 0 0 0 0 0 0 0 0 0 0 0 0 0 0 0 0 00
0 0 F 0 0 0 0 0 0 0 0 0 0 0 0 0 0 0 0 0 0 0 0 0 0 0 0 0 0 0 0 0 0 0 0 0 0 0 0 0 0 0 0 0 0 0 0 0 0 3F
0 0 0 F 0 0 0 0 0 0 0 0 0 0 0 0 0 0 0 0 0 0 0 0 0 0 0 0 0 0 0 0 0 0 0 0 0 0 0 0 0 0 0 0 0 0 0 0 0 00
0 0 0 0 F 0 0 0 0 0 0 0 0 0 0 0 0 0 0 0 0 0 0 0 0 0 0 0 0 0 0 0 0 0 0 0 0 0 0 0 0 0 0 0 0 0 0 0 0 3F
0 0 0 0 0 F 0 0 0 0 0 0 0 0 0 0 0 0 0 0 0 0 0 0 0 0 0 0 0 0 0 0 0 0 0 0 0 0 0 0 0 0 0 0 0 0 0 0 0 00
0 0 0 0 0 0 F 0 0 0 0 0 0 0 0 0 0 0 0 0 0 0 0 0 0 0 0 0 0 0 0 0 0 0 0 0 0 0 0 0 0 0 0 0 0 0 0 0 0 3F
0 0 0 0 0 0 0 F 0 0 0 0 0 0 0 0 0 0 0 0 0 0 0 0 0 0 0 0 0 0 0 0 0 0 0 0 0 0 0 0 0 0 0 0 0 0 0 0 0 00
0 0 0 0 0 0 0 0 F 0 0 0 0 0 0 0 0 0 0 0 0 0 0 0 0 0 0 0 0 0 0 0 0 0 0 0 0 0 0 0 0 0 0 0 0 0 0 0 0 3F
0 0 0 0 0 0 0 0 0 F 0 0 0 0 0 0 0 0 0 0 0 0 0 0 0 0 0 0 0 0 0 0 0 0 0 0 0 0 0 0 0 0 0 0 0 0 0 0 0 00
0 0 0 0 0 0 0 0 0 0 F 0 0 0 0 0 0 0 0 0 0 0 0 0 0 0 0 0 0 0 0 0 0 0 0 0 0 0 0 0 0 0 0 0 0 0 0 0 0 3F
0 0 0 0 0 0 0 0 0 0 0 F 0 0 0 0 0 0 0 0 0 0 0 0 0 0 0 0 0 0 0 0 0 0 0 0 0 0 0 0 0 0 0 0 0 0 0 0 0 00
0 0 0 0 0 0 0 0 0 0 0 0 F 0 0 0 0 0 0 0 0 0 0 0 0 0 0 0 0 0 0 0 0 0 0 0 0 0 0 0 0 0 0 0 0 0 0 0 0 3F
0 0 0 0 0 0 0 0 0 0 0 0 0 F 0 0 0 0 0 0 0 0 0 0 0 0 0 0 0 0 0 0 0 0 0 0 0 0 0 0 0 0 0 0 0 0 0 0 0 00
0 0 0 0 0 0 0 0 0 0 0 0 0 0 F 0 0 0 0 0 0 0 0 0 0 0 0 0 0 0 0 0 0 0 0 0 0 0 0 0 0 0 0 0 0 0 0 0 0 3F
0 0 0 0 0 0 0 0 0 0 0 0 0 0 0 F 0 0 0 0 0 0 0 0 0 0 0 0 0 0 0 0 0 0 0 0 0 0 0 0 0 0 0 0 0 0 0 0 0 00
0 0 0 0 0 0 0 0 0 0 0 0 0 0 0 0 F 0 0 0 0 0 0 0 0 0 0 0 0 0 0 0 0 0 0 0 0 0 0 0 0 0 0 0 0 0 0 0 0 3F
0 0 0 0 0 0 0 0 0 0 0 0 0 0 0 0 0 F 0 0 0 0 0 0 0 0 0 0 0 0 0 0 0 0 0 0 0 0 0 0 0 0 0 0 0 0 0 0 0 00
0 0 0 0 0 0 0 0 0 0 0 0 0 0 0 0 0 0 F 0 0 0 0 0 0 0 0 0 0 0 0 0 0 0 0 0 0 0 0 0 0 0 0 0 0 0 0 0 0 3F
0 0 0 0 0 0 0 0 0 0 0 0 0 0 0 0 0 0 0 F 0 0 0 0 0 0 0 0 0 0 0 0 0 0 0 0 0 0 0 0 0 0 0 0 0 0 0 0 0 00
0 0 0 0 0 0 0 0 0 0 0 0 0 0 0 0 0 0 0 0 F 0 0 0 0 0 0 0 0 0 0 0 0 0 0 0 0 0 0 0 0 0 0 0 0 0 0 0 0 3F
0 0 0 0 0 0 0 0 0 0 0 0 0 0 0 0 0 0 0 0 0 F 0 0 0 0 0 0 0 0 0 0 0 0 0 0 0 0 0 0 0 0 0 0 0 0 0 0 0 00
0 0 0 0 0 0 0 0 0 0 0 0 0 0 0 0 0 0 0 0 0 0 F 0 0 0 0 0 0 0 0 0 0 0 0 0 0 0 0 0 0 0 0 0 0 0 0 0 0 3F
0 0 0 0 0 0 0 0 0 0 0 0 0 0 0 0 0 0 0 0 0 0 0 F 0 0 0 0 0 0 0 0 0 0 0 0 0 0 0 0 0 0 0 0 0 0 0 0 0 00
0 0 0 0 0 0 0 0 0 0 0 0 0 0 0 0 0 0 0 0 0 0 0 0 F 0 0 0 0 0 0 0 0 0 0 0 0 0 0 0 0 0 0 0 0 0 0 0 0 3F
0 0 0 0 0 0 0 0 0 0 0 0 0 0 0 0 0 0 0 0 0 0 0 0 0 F 0 0 0 0 0 0 0 0 0 0 0 0 0 0 0 0 0 0 0 0 0 0 0 00
0 0 0 0 0 0 0 0 0 0 0 0 0 0 0 0 0 0 0 0 0 0 0 0 0 0 F 0 0 0 0 0 0 0 0 0 0 0 0 0 0 0 0 0 0 0 0 0 0 3F
0 0 0 0 0 0 0 0 0 0 0 0 0 0 0 0 0 0 0 0 0 0 0 0 0 0 0 F 0 0 0 0 0 0 0 0 0 0 0 0 0 0 0 0 0 0 0 0 0 00
0 0 0 0 0 0 0 0 0 0 0 0 0 0 0 0 0 0 0 0 0 0 0 0 0 0 0 0 F 0 0 0 0 0 0 0 0 0 0 0 0 0 0 0 0 0 0 0 0 3F
0 0 0 0 0 0 0 0 0 0 0 0 0 0 0 0 0 0 0 0 0 0 0 0 0 0 0 0 0 F 0 0 0 0 0 0 0 0 0 0 0 0 0 0 0 0 0 0 0 00
0 0 0 0 0 0 0 0 0 0 0 0 0 0 0 0 0 0 0 0 0 0 0 0 0 0 0 0 0 0 F 0 0 0 0 0 0 0 0 0 0 0 0 0 0 0 0 0 0 3F
0 0 0 0 0 0 0 0 0 0 0 0 0 0 0 0 0 0 0 0 0 0 0 0 0 0 0 0 0 0 0 F 0 0 0 0 0 0 0 0 0 0 0 0 0 0 0 0 0 00
0 0 0 0 0 0 0 0 0 0 0 0 0 0 0 0 0 0 0 0 0 0 0 0 0 0 0 0 0 0 0 0 F 0 0 0 0 0 0 0 0 0 0 0 0 0 0 0 0 3F
0 0 0 0 0 0 0 0 0 0 0 0 0 0 0 0 0 0 0 0 0 0 0 0 0 0 0 0 0 0 0 0 0 F 0 0 0 0 0 0 0 0 0 0 0 0 0 0 0 00
0 0 0 0 0 0 0 0 0 0 0 0 0 0 0 0 0 0 0 0 0 0 0 0 0 0 0 0 0 0 0 0 0 0 F 0 0 0 0 0 0 0 0 0 0 0 0 0 0 3F
0 0 0 0 0 0 0 0 0 0 0 0 0 0 0 0 0 0 0 0 0 0 0 0 0 0 0 0 0 0 0 0 0 0 0 F 0 0 0 0 0 0 0 0 0 0 0 0 0 00
0 0 0 0 0 0 0 0 0 0 0 0 0 0 0 0 0 0 0 0 0 0 0 0 0 0 0 0 0 0 0 0 0 0 0 0 F 0 0 0 0 0 0 0 0 0 0 0 0 3F
0 0 0 0 0 0 0 0 0 0 0 0 0 0 0 0 0 0 0 0 0 0 0 0 0 0 0 0 0 0 0 0 0 0 0 0 0 F 0 0 0 0 0 0 0 0 0 0 0 00
0 0 0 0 0 0 0 0 0 0 0 0 0 0 0 0 0 0 0 0 0 0 0 0 0 0 0 0 0 0 0 0 0 0 0 0 0 0 F 0 0 0 0 0 0 0 0 0 0 3F
0 0 0 0 0 0 0 0 0 0 0 0 0 0 0 0 0 0 0 0 0 0 0 0 0 0 0 0 0 0 0 0 0 0 0 0 0 0 0 F 0 0 0 0 0 0 0 0 0 00
0 0 0 0 0 0 0 0 0 0 0 0 0 0 0 0 0 0 0 0 0 0 0 0 0 0 0 0 0 0 0 0 0 0 0 0 0 0 0 0 F 0 0 0 0 0 0 0 0 3F
0 0 0 0 0 0 0 0 0 0 0 0 0 0 0 0 0 0 0 0 0 0 0 0 0 0 0 0 0 0 0 0 0 0 0 0 0 0 0 0 0 F 0 0 0 0 0 0 0 00
0 0 0 0 0 0 0 0 0 0 0 0 0 0 0 0 0 0 0 0 0 0 0 0 0 0 0 0 0 0 0 0 0 0 0 0 0 0 0 0 0 0 F 0 0 0 0 0 0 3F
0 0 0 0 0 0 0 0 0 0 0 0 0 0 0 0 0 0 0 0 0 0 0 0 0 0 0 0 0 0 0 0 0 0 0 0 0 0 0 0 0 0 0 F 0 0 0 0 0 00
0 0 0 0 0 0 0 0 0 0 0 0 0 0 0 0 0 0 0 0 0 0 0 0 0 0 0 0 0 0 0 0 0 0 0 0 0 0 0 0 0 0 0 0 F 0 0 0 0 3F
0 0 0 0 0 0 0 0 0 0 0 0 0 0 0 0 0 0 0 0 0 0 0 0 0 0 0 0 0 0 0 0 0 0 0 0 0 0 0 0 0 0 0 0 0 F 0 0 0 00
0 0 0 0 0 0 0 0 0 0 0 0 0 0 0 0 0 0 0 0 0 0 0 0 0 0 0 0 0 0 0 0 0 0 0 0 0 0 0 0 0 0 0 0 0 0 F 0 0 3F
0 0 0 0 0 0 0 0 0 0 0 0 0 0 0 0 0 0 0 0 0 0 0 0 0 0 0 0 0 0 0 0 0 0 0 0 0 0 0 0 0 0 0 0 0 0 0 F 0 00
0 0 0 0 0 0 0 0 0 0 0 0 0 0 0 0 0 0 0 0 0 0 0 0 0 0 0 0 0 0 0 0 0 0 0 0 0 0 0 0 0 0 0 0 0 0 0 0 F 3F
0 F F F F F F F F F F F F F F F F F F F F F F F F F F F F F F F F F F F F F F F F F F F F F F F F 2C
F 0 F F F F F F F F F F F F F F F F F F F F F F F F F F F F F F F F F F F F F F F F F F F F F F F 3F
F F 0 F F F F F F F F F F F F F F F F F F F F F F F F F F F F F F F F F F F F F F F F F F F F F F 00
F F F 0 F F F F F F F F F F F F F F F F F F F F F F F F F F F F F F F F F F F F F F F F F F F F F 3F
F F F F 0 F F F F F F F F F F F F F F F F F F F F F F F F F F F F F F F F F F F F F F F F F F F F 00
F F F F F 0 F F F F F F F F F F F F F F F F F F F F F F F F F F F F F F F F F F F F F F F F F F F 3F
F F F F F F 0 F F F F F F F F F F F F F F F F F F F F F F F F F F F F F F F F F F F F F F F F F F 2C
F F F F F F F 0 F F F F F F F F F F F F F F F F F F F F F F F F F F F F F F F F F F F F F F F F F 3F
F F F F F F F F 0 F F F F F F F F F F F F F F F F F F F F F F F F F F F F F F F F F F F F F F F F 00
F F F F F F F F F 0 F F F F F F F F F F F F F F F F F F F F F F F F F F F F F F F F F F F F F F F 3F
F F F F F F F F F F 0 F F F F F F F F F F F F F F F F F F F F F F F F F F F F F F F F F F F F F F 00
F F F F F F F F F F F 0 F F F F F F F F F F F F F F F F F F F F F F F F F F F F F F F F F F F F F 3F
F F F F F F F F F F F F 0 F F F F F F F F F F F F F F F F F F F F F F F F F F F F F F F F F F F F 00
F F F F F F F F F F F F F 0 F F F F F F F F F F F F F F F F F F F F F F F F F F F F F F F F F F F 3F
F F F F F F F F F F F F F F 0 F F F F F F F F F F F F F F F F F F F F F F F F F F F F F F F F F F 00
F F F F F F F F F F F F F F F 0 F F F F F F F F F F F F F F F F F F F F F F F F F F F F F F F F F 3F
F F F F F F F F F F F F F F F F 0 F F F F F F F F F F F F F F F F F F F F F F F F F F F F F F F F 00
F F F F F F F F F F F F F F F F F 0 F F F F F F F F F F F F F F F F F F F F F F F F F F F F F F F 3F
F F F F F F F F F F F F F F F F F F 0 F F F F F F F F F F F F F F F F F F F F F F F F F F F F F F 00
F F F F F F F F F F F F F F F F F F F 0 F F F F F F F F F F F F F F F F F F F F F F F F F F F F F 3F
F F F F F F F F F F F F F F F F F F F F 0 F F F F F F F F F F F F F F F F F F F F F F F F F F F F 00
F F F F F F F F F F F F F F F F F F F F F 0 F F F F F F F F F F F F F F F F F F F F F F F F F F F 3F
F F F F F F F F F F F F F F F F F F F F F F 0 F F F F F F F F F F F F F F F F F F F F F F F F F F 00
F F F F F F F F F F F F F F F F F F F F F F F 0 F F F F F F F F F F F F F F F F F F F F F F F F F 3F
F F F F F F F F F F F F F F F F F F F F F F F F 0 F F F F F F F F F F F F F F F F F F F F F F F F 00
F F F F F F F F F F F F F F F F F F F F F F F F F 0 F F F F F F F F F F F F F F F F F F F F F F F 3F
F F F F F F F F F F F F F F F F F F F F F F F F F F 0 F F F F F F F F F F F F F F F F F F F F F F 00
F F F F F F F F F F F F F F F F F F F F F F F F F F F 0 F F F F F F F F F F F F F F F F F F F F F 3F
F F F F F F F F F F F F F F F F F F F F F F F F F F F F 0 F F F F F F F F F F F F F F F F F F F F 00
F F F F F F F F F F F F F F F F F F F F F F F F F F F F F 0 F F F F F F F F F F F F F F F F F F F 3F
F F F F F F F F F F F F F F F F F F F F F F F F F F F F F F 0 F F F F F F F F F F F F F F F F F F 00
F F F F F F F F F F F F F F F F F F F F F F F F F F F F F F F 0 F F F F F F F F F F F F F F F F F 3F
F F F F F F F F F F F F F F F F F F F F F F F F F F F F F F F F 0 F F F F F F F F F F F F F F F F 00
F F F F F F F F F F F F F F F F F F F F F F F F F F F F F F F F F 0 F F F F F F F F F F F F F F F 3F
F F F F F F F F F F F F F F F F F F F F F F F F F F F F F F F F F F 0 F F F F F F F F F F F F F F 00
F F F F F F F F F F F F F F F F F F F F F F F F F F F F F F F F F F F 0 F F F F F F F F F F F F F 3F
F F F F F F F F F F F F F F F F F F F F F F F F F F F F F F F F F F F F 0 F F F F F F F F F F F F 00
F F F F F F F F F F F F F F F F F F F F F F F F F F F F F F F F F F F F F 0 F F F F F F F F F F F 3F
F F F F F F F F F F F F F F F F F F F F F F F F F F F F F F F F F F F F F F 0 F F F F F F F F F F 00
F F F F F F F F F F F F F F F F F F F F F F F F F F F F F F F F F F F F F F F 0 F F F F F F F F F 3F
F F F F F F F F F F F F F F F F F F F F F F F F F F F F F F F F F F F F F F F F 0 F F F F F F F F 00
F F F F F F F F F F F F F F F F F F F F F F F F F F F F F F F F F F F F F F F F F 0 F F F F F F F 3F
F F F F F F F F F F F F F F F F F F F F F F F F F F F F F F F F F F F F F F F F F F 0 F F F F F F 2C
F F F F F F F F F F F F F F F F F F F F F F F F F F F F F F F F F F F F F F F F F F F 0 F F F F F 3F
F F F F F F F F F F F F F F F F F F F F F F F F F F F F F F F F F F F F F F F F F F F F 0 F F F F 00
F F F F F F F F F F F F F F F F F F F F F F F F F F F F F F F F F F F F F F F F F F F F F 0 F F F 3F
F F F F F F F F F F F F F F F F F F F F F F F F F F F F F F F F F F F F F F F F F F F F F F 0 F F 00
F F F F F F F F F F F F F F F F F F F F F F F F F F F F F F F F F F F F F F F F F F F F F F F 0 F 3F
F F F F F F F F F F F F F F F F F F F F F F F F F F F F F F F F F F F F F F F F F F F F F F F F 0 2C
F 7 7 7 7 7 7 7 7 7 7 7 7 7 7 7 7 7 7 7 7 7 7 7 7 7 7 7 7 7 7 7 7 7 7 7 7 7 7 7 7 7 7 7 7 7 7 7 7 3F
7 F 7 7 7 7 7 7 7 7 7 7 7 7 7 7 7 7 7 7 7 7 7 7 7 7 7 7 7 7 7 7 7 7 7 7 7 7 7 7 7 7 7 7 7 7 7 7 7 00
7 7 F 7 7 7 7 7 7 7 7 7 7 7 7 7 7 7 7 7 7 7 7 7 7 7 7 7 7 7 7 7 7 7 7 7 7 7 7 7 7 7 7 7 7 7 7 7 7 3F
7 7 7 F 7 7 7 7 7 7 7 7 7 7 7 7 7 7 7 7 7 7 7 7 7 7 7 7 7 7 7 7 7 7 7 7 7 7 7 7 7 7 7 7 7 7 7 7 7 00
7 7 7 7 F 7 7 7 7 7 7 7 7 7 7 7 7 7 7 7 7 7 7 7 7 7 7 7 7 7 7 7 7 7 7 7 7 7 7 7 7 7 7 7 7 7 7 7 7 3F
7 7 7 7 7 F 7 7 7 7 7 7 7 7 7 7 7 7 7 7 7 7 7 7 7 7 7 7 7 7 7 7 7 7 7 7 7 7 7 7 7 7 7 7 7 7 7 7 7 00
7 7 7 7 7 7 F 7 7 7 7 7 7 7 7 7 7 7 7 7 7 7 7 7 7 7 7 7 7 7 7 7 7 7 7 7 7 7 7 7 7 7 7 7 7 7 7 7 7 3F
7 7 7 7 7 7 7 F 7 7 7 7 7 7 7 7 7 7 7 7 7 7 7 7 7 7 7 7 7 7 7 7 7 7 7 7 7 7 7 7 7 7 7 7 7 7 7 7 7 00
7 7 7 7 7 7 7 7 F 7 7 7 7 7 7 7 7 7 7 7 7 7 7 7 7 7 7 7 7 7 7 7 7 7 7 7 7 7 7 7 7 7 7 7 7 7 7 7 7 3F
7 7 7 7 7 7 7 7 7 F 7 7 7 7 7 7 7 7 7 7 7 7 7 7 7 7 7 7 7 7 7 7 7 7 7 7 7 7 7 7 7 7 7 7 7 7 7 7 7 00
7 7 7 7 7 7 7 7 7 7 F 7 7 7 7 7 7 7 7 7 7 7 7 7 7 7 7 7 7 7 7 7 7 7 7 7 7 7 7 7 7 7 7 7 7 7 7 7 7 3F
7 7 7 7 7 7 7 7 7 7 7 F 7 7 7 7 7 7 7 7 7 7 7 7 7 7 7 7 7 7 7 7 7 7 7 7 7 7 7 7 7 7 7 7 7 7 7 7 7 00
7 7 7 7 7 7 7 7 7 7 7 7 F 7 7 7 7 7 7 7 7 7 7 7 7 7 7 7 7 7 7 7 7 7 7 7 7 7 7 7 7 7 7 7 7 7 7 7 7 3F
7 7 7 7 7 7 7 7 7 7 7 7 7 F 7 7 7 7 7 7 7 7 7 7 7 7 7 7 7 7 7 7 7 7 7 7 7 7 7 7 7 7 7 7 7 7 7 7 7 00
7 7 7 7 7 7 7 7 7 7 7 7 7 7 F 7 7 7 7 7 7 7 7 7 7 7 7 7 7 7 7 7 7 7 7 7 7 7 7 7 7 7 7 7 7 7 7 7 7 3F
7 7 7 7 7 7 7 7 7 7 7 7 7 7 7 F 7 7 7 7 7 7 7 7 7 7 7 7 7 7 7 7 7 7 7 7 7 7 7 7 7 7 7 7 7 7 7 7 7 00
7 7 7 7 7 7 7 7 7 7 7 7 7 7 7 7 F 7 7 7 7 7 7 7 7 7 7 7 7 7 7 7 7 7 7 7 7 7 7 7 7 7 7 7 7 7 7 7 7 3F
7 7 7 7 7 7 7 7 7 7 7 7 7 7 7 7 7 F 7 7 7 7 7 7 7 7 7 7 7 7 7 7 7 7 7 7 7 7 7 7 7 7 7 7 7 7 7 7 7 00
7 7 7 7 7 7 7 7 7 7 7 7 7 7 7 7 7 7 F 7 7 7 7 7 7 7 7 7 7 7 7 7 7 7 7 7 7 7 7 7 7 7 7 7 7 7 7 7 7 3F
7 7 7 7 7 7 7 7 7 7 7 7 7 7 7 7 7 7 7 F 7 7 7 7 7 7 7 7 7 7 7 7 7 7 7 7 7 7 7 7 7 7 7 7 7 7 7 7 7 00
7 7 7 7 7 7 7 7 7 7 7 7 7 7 7 7 7 7 7 7 F 7 7 7 7 7 7 7 7 7 7 7 7 7 7 7 7 7 7 7 7 7 7 7 7 7 7 7 7 3F
7 7 7 7 7 7 7 7 7 7 7 7 7 7 7 7 7 7 7 7 7 F 7 7 7 7 7 7 7 7 7 7 7 7 7 7 7 7 7 7 7 7 7 7 7 7 7 7 7 00
7 7 7 7 7 7 7 7 7 7 7 7 7 7 7 7 7 7 7 7 7 7 F 7 7 7 7 7 7 7 7 7 7 7 7 7 7 7 7 7 7 7 7 7 7 7 7 7 7 3F
7 7 7 7 7 7 7 7 7 7 7 7 7 7 7 7 7 7 7 7 7 7 7 F 7 7 7 7 7 7 7 7 7 7 7 7 7 7 7 7 7 7 7 7 7 7 7 7 7 00
7 7 7 7 7 7 7 7 7 7 7 7 7 7 7 7 7 7 7 7 7 7 7 7 F 7 7 7 7 7 7 7 7 7 7 7 7 7 7 7 7 7 7 7 7 7 7 7 7 3F
7 7 7 7 7 7 7 7 7 7 7 7 7 7 7 7 7 7 7 7 7 7 7 7 7 F 7 7 7 7 7 7 7 7 7 7 7 7 7 7 7 7 7 7 7 7 7 7 7 00
7 7 7 7 7 7 7 7 7 7 7 7 7 7 7 7 7 7 7 7 7 7 7 7 7 7 F 7 7 7 7 7 7 7 7 7 7 7 7 7 7 7 7 7 7 7 7 7 7 3F
7 7 7 7 7 7 7 7 7 7 7 7 7 7 7 7 7 7 7 7 7 7 7 7 7 7 7 F 7 7 7 7 7 7 7 7 7 7 7 7 7 7 7 7 7 7 7 7 7 00
7 7 7 7 7 7 7 7 7 7 7 7 7 7 7 7 7 7 7 7 7 7 7 7 7 7 7 7 F 7 7 7 7 7 7 7 7 7 7 7 7 7 7 7 7 7 7 7 7 3F
7 7 7 7 7 7 7 7 7 7 7 7 7 7 7 7 7 7 7 7 7 7 7 7 7 7 7 7 7 F 7 7 7 7 7 7 7 7 7 7 7 7 7 7 7 7 7 7 7 00
7 7 7 7 7 7 7 7 7 7 7 7 7 7 7 7 7 7 7 7 7 7 7 7 7 7 7 7 7 7 F 7 7 7 7 7 7 7 7 7 7 7 7 7 7 7 7 7 7 3F
7 7 7 7 7 7 7 7 7 7 7 7 7 7 7 7 7 7 7 7 7 7 7 7 7 7 7 7 7 7 7 F 7 7 7 7 7 7 7 7 7 7 7 7 7 7 7 7 7 00
7 7 7 7 7 7 7 7 7 7 7 7 7 7 7 7 7 7 7 7 7 7 7 7 7 7 7 7 7 7 7 7 F 7 7 7 7 7 7 7 7 7 7 7 7 7 7 7 7 3F
7 7 7 7 7 7 7 7 7 7 7 7 7 7 7 7 7 7 7 7 7 7 7 7 7 7 7 7 7 7 7 7 7 F 7 7 7 7 7 7 7 7 7 7 7 7 7 7 7 00
7 7 7 7 7 7 7 7 7 7 7 7 7 7 7 7 7 7 7 7 7 7 7 7 7 7 7 7 7 7 7 7 7 7 F 7 7 7 7 7 7 7 7 7 7 7 7 7 7 3F
7 7 7 7 7 7 7 7 7 7 7 7 7 7 7 7 7 7 7 7 7 7 7 7 7 7 7 7 7 7 7 7 7 7 7 F 7 7 7 7 7 7 7 7 7 7 7 7 7 00
7 7 7 7 7 7 7 7 7 7 7 7 7 7 7 7 7 7 7 7 7 7 7 7 7 7 7 7 7 7 7 7 7 7 7 7 F 7 7 7 7 7 7 7 7 7 7 7 7 3F
7 7 7 7 7 7 7 7 7 7 7 7 7 7 7 7 7 7 7 7 7 7 7 7 7 7 7 7 7 7 7 7 7 7 7 7 7 F 7 7 7 7 7 7 7 7 7 7 7 00
7 7 7 7 7 7 7 7 7 7 7 7 7 7 7 7 7 7 7 7 7 7 7 7 7 7 7 7 7 7 7 7 7 7 7 7 7 7 F 7 7 7 7 7 7 7 7 7 7 3F
7 7 7 7 7 7 7 7 7 7 7 7 7 7 7 7 7 7 7 7 7 7 7 7 7 7 7 7 7 7 7 7 7 7 7 7 7 7 7 F 7 7 7 7 7 7 7 7 7 00
7 7 7 7 7 7 7 7 7 7 7 7 7 7 7 7 7 7 7 7 7 7 7 7 7 7 7 7 7 7 7 7 7 7 7 7 7 7 7 7 F 7 7 7 7 7 7 7 7 3F
7 7 7 7 7 7 7 7 7 7 7 7 7 7 7 7 7 7 7 7 7 7 7 7 7 7 7 7 7 7 7 7 7 7 7 7 7 7 7 7 7 F 7 7 7 7 7 7 7 00
7 7 7 7 7 7 7 7 7 7 7 7 7 7 7 7 7 7 7 7 7 7 7 7 7 7 7 7 7 7 7 7 7 7 7 7 7 7 7 7 7 7 F 7 7 7 7 7 7 3F
7 7 7 7 7 7 7 7 7 7 7 7 7 7 7 7 7 7 7 7 7 7 7 7 7 7 7 7 7 7 7 7 7 7 7 7 7 7 7 7 7 7 7 F 7 7 7 7 7 00
7 7 7 7 7 7 7 7 7 7 7 7 7 7 7 7 7 7 7 7 7 7 7 7 7 7 7 7 7 7 7 7 7 7 7 7 7 7 7 7 7 7 7 7 F 7 7 7 7 3F
7 7 7 7 7 7 7 7 7 7 7 7 7 7 7 7 7 7 7 7 7 7 7 7 7 7 7 7 7 7 7 7 7 7 7 7 7 7 7 7 7 7 7 7 7 F 7 7 7 00
7 7 7 7 7 7 7 7 7 7 7 7 7 7 7 7 7 7 7 7 7 7 7 7 7 7 7 7 7 7 7 7 7 7 7 7 7 7 7 7 7 7 7 7 7 7 F 7 7 3F
7 7 7 7 7 7 7 7 7 7 7 7 7 7 7 7 7 7 7 7 7 7 7 7 7 7 7 7 7 7 7 7 7 7 7 7 7 7 7 7 7 7 7 7 7 7 7 F 7 00
7 7 7 7 7 7 7 7 7 7 7 7 7 7 7 7 7 7 7 7 7 7 7 7 7 7 7 7 7 7 7 7 7 7 7 7 7 7 7 7 7 7 7 7 7 7 7 7 F 3F
0 7 7 7 7 7 7 7 7 7 7 7 7 7 7 7 7 7 7 7 7 7 7 7 7 7 7 7 7 7 7 7 7 7 7 7 7 7 7 7 7 7 7 7 7 7 7 7 7 14
7 0 7 7 7 7 7 7 7 7 7 7 7 7 7 7 7 7 7 7 7 7 7 7 7 7 7 7 7 7 7 7 7 7 7 7 7 7 7 7 7 7 7 7 7 7 7 7 7 3F
7 7 0 7 7 7 7 7 7 7 7 7 7 7 7 7 7 7 7 7 7 7 7 7 7 7 7 7 7 7 7 7 7 7 7 7 7 7 7 7 7 7 7 7 7 7 7 7 7 00
7 7 7 0 7 7 7 7 7 7 7 7 7 7 7 7 7 7 7 7 7 7 7 7 7 7 7 7 7 7 7 7 7 7 7 7 7 7 7 7 7 7 7 7 7 7 7 7 7 3F
7 7 7 7 0 7 7 7 7 7 7 7 7 7 7 7 7 7 7 7 7 7 7 7 7 7 7 7 7 7 7 7 7 7 7 7 7 7 7 7 7 7 7 7 7 7 7 7 7 00
7 7 7 7 7 0 7 7 7 7 7 7 7 7 7 7 7 7 7 7 7 7 7 7 7 7 7 7 7 7 7 7 7 7 7 7 7 7 7 7 7 7 7 7 7 7 7 7 7 3F
7 7 7 7 7 7 0 7 7 7 7 7 7 7 7 7 7 7 7 7 7 7 7 7 7 7 7 7 7 7 7 7 7 7 7 7 7 7 7 7 7 7 7 7 7 7 7 7 7 14
7 7 7 7 7 7 7 0 7 7 7 7 7 7 7 7 7 7 7 7 7 7 7 7 7 7 7 7 7 7 7 7 7 7 7 7 7 7 7 7 7 7 7 7 7 7 7 7 7 3F
7 7 7 7 7 7 7 7 0 7 7 7 7 7 7 7 7 7 7 7 7 7 7 7 7 7 7 7 7 7 7 7 7 7 7 7 7 7 7 7 7 7 7 7 7 7 7 7 7 00
7 7 7 7 7 7 7 7 7 0 7 7 7 7 7 7 7 7 7 7 7 7 7 7 7 7 7 7 7 7 7 7 7 7 7 7 7 7 7 7 7 7 7 7 7 7 7 7 7 3F
7 7 7 7 7 7 7 7 7 7 0 7 7 7 7 7 7 7 7 7 7 7 7 7 7 7 7 7 7 7 7 7 7 7 7 7 7 7 7 7 7 7 7 7 7 7 7 7 7 00
7 7 7 7 7 7 7 7 7 7 7 0 7 7 7 7 7 7 7 7 7 7 7 7 7 7 7 7 7 7 7 7 7 7 7 7 7 7 7 7 7 7 7 7 7 7 7 7 7 3F
7 7 7 7 7 7 7 7 7 7 7 7 0 7 7 7 7 7 7 7 7 7 7 7 7 7 7 7 7 7 7 7 7 7 7 7 7 7 7 7 7 7 7 7 7 7 7 7 7 00
7 7 7 7 7 7 7 7 7 7 7 7 7 0 7 7 7 7 7 7 7 7 7 7 7 7 7 7 7 7 7 7 7 7 7 7 7 7 7 7 7 7 7 7 7 7 7 7 7 3F
7 7 7 7 7 7 7 7 7 7 7 7 7 7 0 7 7 7 7 7 7 7 7 7 7 7 7 7 7 7 7 7 7 7 7 7 7 7 7 7 7 7 7 7 7 7 7 7 7 00
7 7 7 7 7 7 7 7 7 7 7 7 7 7 7 0 7 7 7 7 7 7 7 7 7 7 7 7 7 7 7 7 7 7 7 7 7 7 7 7 7 7 7 7 7 7 7 7 7 3F
7 7 7 7 7 7 7 7 7 7 7 7 7 7 7 7 0 7 7 7 7 7 7 7 7 7 7 7 7 7 7 7 7 7 7 7 7 7 7 7 7 7 7 7 7 7 7 7 7 00
7 7 7 7 7 7 7 7 7 7 7 7 7 7 7 7 7 0 7 7 7 7 7 7 7 7 7 7 7 7 7 7 7 7 7 7 7 7 7 7 7 7 7 7 7 7 7 7 7 3F
7 7 7 7 7 7 7 7 7 7 7 7 7 7 7 7 7 7 0 7 7 7 7 7 7 7 7 7 7 7 7 7 7 7 7 7 7 7 7 7 7 7 7 7 7 7 7 7 7 00
7 7 7 7 7 7 7 7 7 7 7 7 7 7 7 7 7 7 7 0 7 7 7 7 7 7 7 7 7 7 7 7 7 7 7 7 7 7 7 7 7 7 7 7 7 7 7 7 7 3F
7 7 7 7 7 7 7 7 7 7 7 7 7 7 7 7 7 7 7 7 0 7 7 7 7 7 7 7 7 7 7 7 7 7 7 7 7 7 7 7 7 7 7 7 7 7 7 7 7 00
7 7 7 7 7 7 7 7 7 7 7 7 7 7 7 7 7 7 7 7 7 0 7 7 7 7 7 7 7 7 7 7 7 7 7 7 7 7 7 7 7 7 7 7 7 7 7 7 7 3F
7 7 7 7 7 7 7 7 7 7 7 7 7 7 7 7 7 7 7 7 7 7 0 7 7 7 7 7 7 7 7 7 7 7 7 7 7 7 7 7 7 7 7 7 7 7 7 7 7 00
7 7 7 7 7 7 7 7 7 7 7 7 7 7 7 7 7 7 7 7 7 7 7 0 7 7 7 7 7 7 7 7 7 7 7 7 7 7 7 7 7 7 7 7 7 7 7 7 7 3F
7 7 7 7 7 7 7 7 7 7 7 7 7 7 7 7 7 7 7 7 7 7 7 7 0 7 7 7 7 7 7 7 7 7 7 7 7 7 7 7 7 7 7 7 7 7 7 7 7 00
7 7 7 7 7 7 7 7 7 7 7 7 7 7 7 7 7 7 7 7 7 7 7 7 7 0 7 7 7 7 7 7 7 7 7 7 7 7 7 7 7 7 7 7 7 7 7 7 7 3F
7 7 7 7 7 7 7 7 7 7 7 7 7 7 7 7 7 7 7 7 7 7 7 7 7 7 0 7 7 7 7 7 7 7 7 7 7 7 7 7 7 7 7 7 7 7 7 7 7 00
7 7 7 7 7 7 7 7 7 7 7 7 7 7 7 7 7 7 7 7 7 7 7 7 7 7 7 0 7 7 7 7 7 7 7 7 7 7 7 7 7 7 7 7 7 7 7 7 7 3F
7 7 7 7 7 7 7 7 7 7 7 7 7 7 7 7 7 7 7 7 7 7 7 7 7 7 7 7 0 7 7 7 7 7 7 7 7 7 7 7 7 7 7 7 7 7 7 7 7 00
7 7 7 7 7 7 7 7 7 7 7 7 7 7 7 7 7 7 7 7 7 7 7 7 7 7 7 7 7 0 7 7 7 7 7 7 7 7 7 7 7 7 7 7 7 7 7 7 7 3F
7 7 7 7 7 7 7 7 7 7 7 7 7 7 7 7 7 7 7 7 7 7 7 7 7 7 7 7 7 7 0 7 7 7 7 7 7 7 7 7 7 7 7 7 7 7 7 7 7 00
7 7 7 7 7 7 7 7 7 7 7 7 7 7 7 7 7 7 7 7 7 7 7 7 7 7 7 7 7 7 7 0 7 7 7 7 7 7 7 7 7 7 7 7 7 7 7 7 7 3F
7 7 7 7 7 7 7 7 7 7 7 7 7 7 7 7 7 7 7 7 7 7 7 7 7 7 7 7 7 7 7 7 0 7 7 7 7 7 7 7 7 7 7 7 7 7 7 7 7 00
7 7 7 7 7 7 7 7 7 7 7 7 7 7 7 7 7 7 7 7 7 7 7 7 7 7 7 7 7 7 7 7 7 0 7 7 7 7 7 7 7 7 7 7 7 7 7 7 7 3F
7 7 7 7 7 7 7 7 7 7 7 7 7 7 7 7 7 7 7 7 7 7 7 7 7 7 7 7 7 7 7 7 7 7 0 7 7 7 7 7 7 7 7 7 7 7 7 7 7 00
7 7 7 7 7 7 7 7 7 7 7 7 7 7 7 7 7 7 7 7 7 7 7 7 7 7 7 7 7 7 7 7 7 7 7 0 7 7 7 7 7 7 7 7 7 7 7 7 7 3F
7 7 7 7 7 7 7 7 7 7 7 7 7 7 7 7 7 7 7 7 7 7 7 7 7 7 7 7 7 7 7 7 7 7 7 7 0 7 7 7 7 7 7 7 7 7 7 7 7 00
7 7 7 7 7 7 7 7 7 7 7 7 7 7 7 7 7 7 7 7 7 7 7 7 7 7 7 7 7 7 7 7 7 7 7 7 7 0 7 7 7 7 7 7 7 7 7 7 7 3F
7 7 7 7 7 7 7 7 7 7 7 7 7 7 7 7 7 7 7 7 7 7 7 7 7 7 7 7 7 7 7 7 7 7 7 7 7 7 0 7 7 7 7 7 7 7 7 7 7 00
7 7 7 7 7 7 7 7 7 7 7 7 7 7 7 7 7 7 7 7 7 7 7 7 7 7 7 7 7 7 7 7 7 7 7 7 7 7 7 0 7 7 7 7 7 7 7 7 7 3F
7 7 7 7 7 7 7 7 7 7 7 7 7 7 7 7 7 7 7 7 7 7 7 7 7 7 7 7 7 7 7 7 7 7 7 7 7 7 7 7 0 7 7 7 7 7 7 7 7 00
7 7 7 7 7 7 7 7 7 7 7 7 7 7 7 7 7 7 7 7 7 7 7 7 7 7 7 7 7 7 7 7 7 7 7 7 7 7 7 7 7 0 7 7 7 7 7 7 7 3F
7 7 7 7 7 7 7 7 7 7 7 7 7 7 7 7 7 7 7 7 7 7 7 7 7 7 7 7 7 7 7 7 7 7 7 7 7 7 7 7 7 7 0 7 7 7 7 7 7 14
7 7 7 7 7 7 7 7 7 7 7 7 7 7 7 7 7 7 7 7 7 7 7 7 7 7 7 7 7 7 7 7 7 7 7 7 7 7 7 7 7 7 7 0 7 7 7 7 7 3F
7 7 7 7 7 7 7 7 7 7 7 7 7 7 7 7 7 7 7 7 7 7 7 7 7 7 7 7 7 7 7 7 7 7 7 7 7 7 7 7 7 7 7 7 0 7 7 7 7 00
7 7 7 7 7 7 7 7 7 7 7 7 7 7 7 7 7 7 7 7 7 7 7 7 7 7 7 7 7 7 7 7 7 7 7 7 7 7 7 7 7 7 7 7 7 0 7 7 7 3F
7 7 7 7 7 7 7 7 7 7 7 7 7 7 7 7 7 7 7 7 7 7 7 7 7 7 7 7 7 7 7 7 7 7 7 7 7 7 7 7 7 7 7 7 7 7 0 7 7 00
7 7 7 7 7 7 7 7 7 7 7 7 7 7 7 7 7 7 7 7 7 7 7 7 7 7 7 7 7 7 7 7 7 7 7 7 7 7 7 7 7 7 7 7 7 7 7 0 7 3F
7 7 7 7 7 7 7 7 7 7 7 7 7 7 7 7 7 7 7 7 7 7 7 7 7 7 7 7 7 7 7 7 7 7 7 7 7 7 7 7 7 7 7 7 7 7 7 7 0 14
9 8 8 8 8 8 8 8 8 8 8 8 8 8 8 8 8 8 8 8 8 8 8 8 8 8 8 8 8 8 8 8 8 8 8 8 8 8 8 8 8 8 8 8 8 8 8 8 8 2C
8 9 8 8 8 8 8 8 8 8 8 8 8 8 8 8 8 8 8 8 8 8 8 8 8 8 8 8 8 8 8 8 8 8 8 8 8 8 8 8 8 8 8 8 8 8 8 8 8 10
8 8 9 8 8 8 8 8 8 8 8 8 8 8 8 8 8 8 8 8 8 8 8 8 8 8 8 8 8 8 8 8 8 8 8 8 8 8 8 8 8 8 8 8 8 8 8 8 8 3F
8 8 8 9 8 8 8 8 8 8 8 8 8 8 8 8 8 8 8 8 8 8 8 8 8 8 8 8 8 8 8 8 8 8 8 8 8 8 8 8 8 8 8 8 8 8 8 8 8 00
8 8 8 8 9 8 8 8 8 8 8 8 8 8 8 8 8 8 8 8 8 8 8 8 8 8 8 8 8 8 8 8 8 8 8 8 8 8 8 8 8 8 8 8 8 8 8 8 8 3F
8 8 8 8 8 9 8 8 8 8 8 8 8 8 8 8 8 8 8 8 8 8 8 8 8 8 8 8 8 8 8 8 8 8 8 8 8 8 8 8 8 8 8 8 8 8 8 8 8 10
8 8 8 8 8 8 9 8 8 8 8 8 8 8 8 8 8 8 8 8 8 8 8 8 8 8 8 8 8 8 8 8 8 8 8 8 8 8 8 8 8 8 8 8 8 8 8 8 8 2C
8 8 8 8 8 8 8 9 8 8 8 8 8 8 8 8 8 8 8 8 8 8 8 8 8 8 8 8 8 8 8 8 8 8 8 8 8 8 8 8 8 8 8 8 8 8 8 8 8 10
8 8 8 8 8 8 8 8 9 8 8 8 8 8 8 8 8 8 8 8 8 8 8 8 8 8 8 8 8 8 8 8 8 8 8 8 8 8 8 8 8 8 8 8 8 8 8 8 8 3F
8 8 8 8 8 8 8 8 8 9 8 8 8 8 8 8 8 8 8 8 8 8 8 8 8 8 8 8 8 8 8 8 8 8 8 8 8 8 8 8 8 8 8 8 8 8 8 8 8 00
8 8 8 8 8 8 8 8 8 8 9 8 8 8 8 8 8 8 8 8 8 8 8 8 8 8 8 8 8 8 8 8 8 8 8 8 8 8 8 8 8 8 8 8 8 8 8 8 8 3F
8 8 8 8 8 8 8 8 8 8 8 9 8 8 8 8 8 8 8 8 8 8 8 8 8 8 8 8 8 8 8 8 8 8 8 8 8 8 8 8 8 8 8 8 8 8 8 8 8 00
8 8 8 8 8 8 8 8 8 8 8 8 9 8 8 8 8 8 8 8 8 8 8 8 8 8 8 8 8 8 8 8 8 8 8 8 8 8 8 8 8 8 8 8 8 8 8 8 8 3F
8 8 8 8 8 8 8 8 8 8 8 8 8 9 8 8 8 8 8 8 8 8 8 8 8 8 8 8 8 8 8 8 8 8 8 8 8 8 8 8 8 8 8 8 8 8 8 8 8 10
8 8 8 8 8 8 8 8 8 8 8 8 8 8 9 8 8 8 8 8 8 8 8 8 8 8 8 8 8 8 8 8 8 8 8 8 8 8 8 8 8 8 8 8 8 8 8 8 8 3F
8 8 8 8 8 8 8 8 8 8 8 8 8 8 8 9 8 8 8 8 8 8 8 8 8 8 8 8 8 8 8 8 8 8 8 8 8 8 8 8 8 8 8 8 8 8 8 8 8 00
8 8 8 8 8 8 8 8 8 8 8 8 8 8 8 8 9 8 8 8 8 8 8 8 8 8 8 8 8 8 8 8 8 8 8 8 8 8 8 8 8 8 8 8 8 8 8 8 8 3F
8 8 8 8 8 8 8 8 8 8 8 8 8 8 8 8 8 9 8 8 8 8 8 8 8 8 8 8 8 8 8 8 8 8 8 8 8 8 8 8 8 8 8 8 8 8 8 8 8 00
8 8 8 8 8 8 8 8 8 8 8 8 8 8 8 8 8 8 9 8 8 8 8 8 8 8 8 8 8 8 8 8 8 8 8 8 8 8 8 8 8 8 8 8 8 8 8 8 8 3F
8 8 8 8 8 8 8 8 8 8 8 8 8 8 8 8 8 8 8 9 8 8 8 8 8 8 8 8 8 8 8 8 8 8 8 8 8 8 8 8 8 8 8 8 8 8 8 8 8 00
8 8 8 8 8 8 8 8 8 8 8 8 8 8 8 8 8 8 8 8 9 8 8 8 8 8 8 8 8 8 8 8 8 8 8 8 8 8 8 8 8 8 8 8 8 8 8 8 8 3F
8 8 8 8 8 8 8 8 8 8 8 8 8 8 8 8 8 8 8 8 8 9 8 8 8 8 8 8 8 8 8 8 8 8 8 8 8 8 8 8 8 8 8 8 8 8 8 8 8 00
8 8 8 8 8 8 8 8 8 8 8 8 8 8 8 8 8 8 8 8 8 8 9 8 8 8 8 8 8 8 8 8 8 8 8 8 8 8 8 8 8 8 8 8 8 8 8 8 8 3F
8 8 8 8 8 8 8 8 8 8 8 8 8 8 8 8 8 8 8 8 8 8 8 9 8 8 8 8 8 8 8 8 8 8 8 8 8 8 8 8 8 8 8 8 8 8 8 8 8 00
8 8 8 8 8 8 8 8 8 8 8 8 8 8 8 8 8 8 8 8 8 8 8 8 9 8 8 8 8 8 8 8 8 8 8 8 8 8 8 8 8 8 8 8 8 8 8 8 8 3F
8 8 8 8 8 8 8 8 8 8 8 8 8 8 8 8 8 8 8 8 8 8 8 8 8 9 8 8 8 8 8 8 8 8 8 8 8 8 8 8 8 8 8 8 8 8 8 8 8 00
8 8 8 8 8 8 8 8 8 8 8 8 8 8 8 8 8 8 8 8 8 8 8 8 8 8 9 8 8 8 8 8 8 8 8 8 8 8 8 8 8 8 8 8 8 8 8 8 8 3F
8 8 8 8 8 8 8 8 8 8 8 8 8 8 8 8 8 8 8 8 8 8 8 8 8 8 8 9 8 8 8 8 8 8 8 8 8 8 8 8 8 8 8 8 8 8 8 8 8 00
8 8 8 8 8 8 8 8 8 8 8 8 8 8 8 8 8 8 8 8 8 8 8 8 8 8 8 8 9 8 8 8 8 8 8 8 8 8 8 8 8 8 8 8 8 8 8 8 8 3F
8 8 8 8 8 8 8 8 8 8 8 8 8 8 8 8 8 8 8 8 8 8 8 8 8 8 8 8 8 9 8 8 8 8 8 8 8 8 8 8 8 8 8 8 8 8 8 8 8 00
8 8 8 8 8 8 8 8 8 8 8 8 8 8 8 8 8 8 8 8 8 8 8 8 8 8 8 8 8 8 9 8 8 8 8 8 8 8 8 8 8 8 8 8 8 8 8 8 8 3F
8 8 8 8 8 8 8 8 8 8 8 8 8 8 8 8 8 8 8 8 8 8 8 8 8 8 8 8 8 8 8 9 8 8 8 8 8 8 8 8 8 8 8 8 8 8 8 8 8 00
8 8 8 8 8 8 8 8 8 8 8 8 8 8 8 8 8 8 8 8 8 8 8 8 8 8 8 8 8 8 8 8 9 8 8 8 8 8 8 8 8 8 8 8 8 8 8 8 8 3F
8 8 8 8 8 8 8 8 8 8 8 8 8 8 8 8 8 8 8 8 8 8 8 8 8 8 8 8 8 8 8 8 8 9 8 8 8 8 8 8 8 8 8 8 8 8 8 8 8 00
8 8 8 8 8 8 8 8 8 8 8 8 8 8 8 8 8 8 8 8 8 8 8 8 8 8 8 8 8 8 8 8 8 8 9 8 8 8 8 8 8 8 8 8 8 8 8 8 8 3F
8 8 8 8 8 8 8 8 8 8 8 8 8 8 8 8 8 8 8 8 8 8 8 8 8 8 8 8 8 8 8 8 8 8 8 9 8 8 8 8 8 8 8 8 8 8 8 8 8 10
8 8 8 8 8 8 8 8 8 8 8 8 8 8 8 8 8 8 8 8 8 8 8 8 8 8 8 8 8 8 8 8 8 8 8 8 9 8 8 8 8 8 8 8 8 8 8 8 8 3F
8 8 8 8 8 8 8 8 8 8 8 8 8 8 8 8 8 8 8 8 8 8 8 8 8 8 8 8 8 8 8 8 8 8 8 8 8 9 8 8 8 8 8 8 8 8 8 8 8 00
8 8 8 8 8 8 8 8 8 8 8 8 8 8 8 8 8 8 8 8 8 8 8 8 8 8 8 8 8 8 8 8 8 8 8 8 8 8 9 8 8 8 8 8 8 8 8 8 8 3F
8 8 8 8 8 8 8 8 8 8 8 8 8 8 8 8 8 8 8 8 8 8 8 8 8 8 8 8 8 8 8 8 8 8 8 8 8 8 8 9 8 8 8 8 8 8 8 8 8 00
8 8 8 8 8 8 8 8 8 8 8 8 8 8 8 8 8 8 8 8 8 8 8 8 8 8 8 8 8 8 8 8 8 8 8 8 8 8 8 8 9 8 8 8 8 8 8 8 8 3F
8 8 8 8 8 8 8 8 8 8 8 8 8 8 8 8 8 8 8 8 8 8 8 8 8 8 8 8 8 8 8 8 8 8 8 8 8 8 8 8 8 9 8 8 8 8 8 8 8 10
8 8 8 8 8 8 8 8 8 8 8 8 8 8 8 8 8 8 8 8 8 8 8 8 8 8 8 8 8 8 8 8 8 8 8 8 8 8 8 8 8 8 9 8 8 8 8 8 8 2C
8 8 8 8 8 8 8 8 8 8 8 8 8 8 8 8 8 8 8 8 8 8 8 8 8 8 8 8 8 8 8 8 8 8 8 8 8 8 8 8 8 8 8 9 8 8 8 8 8 10
8 8 8 8 8 8 8 8 8 8 8 8 8 8 8 8 8 8 8 8 8 8 8 8 8 8 8 8 8 8 8 8 8 8 8 8 8 8 8 8 8 8 8 8 9 8 8 8 8 3F
8 8 8 8 8 8 8 8 8 8 8 8 8 8 8 8 8 8 8 8 8 8 8 8 8 8 8 8 8 8 8 8 8 8 8 8 8 8 8 8 8 8 8 8 8 9 8 8 8 00
8 8 8 8 8 8 8 8 8 8 8 8 8 8 8 8 8 8 8 8 8 8 8 8 8 8 8 8 8 8 8 8 8 8 8 8 8 8 8 8 8 8 8 8 8 8 9 8 8 3F
8 8 8 8 8 8 8 8 8 8 8 8 8 8 8 8 8 8 8 8 8 8 8 8 8 8 8 8 8 8 8 8 8 8 8 8 8 8 8 8 8 8 8 8 8 8 8 9 8 10
8 8 8 8 8 8 8 8 8 8 8 8 8 8 8 8 8 8 8 8 8 8 8 8 8 8 8 8 8 8 8 8 8 8 8 8 8 8 8 8 8 8 8 8 8 8 8 8 9 2C
7 8 8 8 8 8 8 8 8 8 8 8 8 8 8 8 8 8 8 8 8 8 8 8 8 8 8 8 8 8 8 8 8 8 8 8 8 8 8 8 8 8 8 8 8 8 8 8 8 10
8 7 8 8 8 8 8 8 8 8 8 8 8 8 8 8 8 8 8 8 8 8 8 8 8 8 8 8 8 8 8 8 8 8 8 8 8 8 8 8 8 8 8 8 8 8 8 8 8 3F
8 8 7 8 8 8 8 8 8 8 8 8 8 8 8 8 8 8 8 8 8 8 8 8 8 8 8 8 8 8 8 8 8 8 8 8 8 8 8 8 8 8 8 8 8 8 8 8 8 00
8 8 8 7 8 8 8 8 8 8 8 8 8 8 8 8 8 8 8 8 8 8 8 8 8 8 8 8 8 8 8 8 8 8 8 8 8 8 8 8 8 8 8 8 8 8 8 8 8 3F
8 8 8 8 7 8 8 8 8 8 8 8 8 8 8 8 8 8 8 8 8 8 8 8 8 8 8 8 8 8 8 8 8 8 8 8 8 8 8 8 8 8 8 8 8 8 8 8 8 00
8 8 8 8 8 7 8 8 8 8 8 8 8 8 8 8 8 8 8 8 8 8 8 8 8 8 8 8 8 8 8 8 8 8 8 8 8 8 8 8 8 8 8 8 8 8 8 8 8 3F
8 8 8 8 8 8 7 8 8 8 8 8 8 8 8 8 8 8 8 8 8 8 8 8 8 8 8 8 8 8 8 8 8 8 8 8 8 8 8 8 8 8 8 8 8 8 8 8 8 10
8 8 8 8 8 8 8 7 8 8 8 8 8 8 8 8 8 8 8 8 8 8 8 8 8 8 8 8 8 8 8 8 8 8 8 8 8 8 8 8 8 8 8 8 8 8 8 8 8 3F
8 8 8 8 8 8 8 8 7 8 8 8 8 8 8 8 8 8 8 8 8 8 8 8 8 8 8 8 8 8 8 8 8 8 8 8 8 8 8 8 8 8 8 8 8 8 8 8 8 00
8 8 8 8 8 8 8 8 8 7 8 8 8 8 8 8 8 8 8 8 8 8 8 8 8 8 8 8 8 8 8 8 8 8 8 8 8 8 8 8 8 8 8 8 8 8 8 8 8 3F
8 8 8 8 8 8 8 8 8 8 7 8 8 8 8 8 8 8 8 8 8 8 8 8 8 8 8 8 8 8 8 8 8 8 8 8 8 8 8 8 8 8 8 8 8 8 8 8 8 00
8 8 8 8 8 8 8 8 8 8 8 7 8 8 8 8 8 8 8 8 8 8 8 8 8 8 8 8 8 8 8 8 8 8 8 8 8 8 8 8 8 8 8 8 8 8 8 8 8 3F
8 8 8 8 8 8 8 8 8 8 8 8 7 8 8 8 8 8 8 8 8 8 8 8 8 8 8 8 8 8 8 8 8 8 8 8 8 8 8 8 8 8 8 8 8 8 8 8 8 00
8 8 8 8 8 8 8 8 8 8 8 8 8 7 8 8 8 8 8 8 8 8 8 8 8 8 8 8 8 8 8 8 8 8 8 8 8 8 8 8 8 8 8 8 8 8 8 8 8 3F
8 8 8 8 8 8 8 8 8 8 8 8 8 8 7 8 8 8 8 8 8 8 8 8 8 8 8 8 8 8 8 8 8 8 8 8 8 8 8 8 8 8 8 8 8 8 8 8 8 00
8 8 8 8 8 8 8 8 8 8 8 8 8 8 8 7 8 8 8 8 8 8 8 8 8 8 8 8 8 8 8 8 8 8 8 8 8 8 8 8 8 8 8 8 8 8 8 8 8 3F
8 8 8 8 8 8 8 8 8 8 8 8 8 8 8 8 7 8 8 8 8 8 8 8 8 8 8 8 8 8 8 8 8 8 8 8 8 8 8 8 8 8 8 8 8 8 8 8 8 00
8 8 8 8 8 8 8 8 8 8 8 8 8 8 8 8 8 7 8 8 8 8 8 8 8 8 8 8 8 8 8 8 8 8 8 8 8 8 8 8 8 8 8 8 8 8 8 8 8 3F
8 8 8 8 8 8 8 8 8 8 8 8 8 8 8 8 8 8 7 8 8 8 8 8 8 8 8 8 8 8 8 8 8 8 8 8 8 8 8 8 8 8 8 8 8 8 8 8 8 00
8 8 8 8 8 8 8 8 8 8 8 8 8 8 8 8 8 8 8 7 8 8 8 8 8 8 8 8 8 8 8 8 8 8 8 8 8 8 8 8 8 8 8 8 8 8 8 8 8 3F
8 8 8 8 8 8 8 8 8 8 8 8 8 8 8 8 8 8 8 8 7 8 8 8 8 8 8 8 8 8 8 8 8 8 8 8 8 8 8 8 8 8 8 8 8 8 8 8 8 00
8 8 8 8 8 8 8 8 8 8 8 8 8 8 8 8 8 8 8 8 8 7 8 8 8 8 8 8 8 8 8 8 8 8 8 8 8 8 8 8 8 8 8 8 8 8 8 8 8 3F
8 8 8 8 8 8 8 8 8 8 8 8 8 8 8 8 8 8 8 8 8 8 7 8 8 8 8 8 8 8 8 8 8 8 8 8 8 8 8 8 8 8 8 8 8 8 8 8 8 00
8 8 8 8 8 8 8 8 8 8 8 8 8 8 8 8 8 8 8 8 8 8 8 7 8 8 8 8 8 8 8 8 8 8 8 8 8 8 8 8 8 8 8 8 8 8 8 8 8 3F
8 8 8 8 8 8 8 8 8 8 8 8 8 8 8 8 8 8 8 8 8 8 8 8 7 8 8 8 8 8 8 8 8 8 8 8 8 8 8 8 8 8 8 8 8 8 8 8 8 00
8 8 8 8 8 8 8 8 8 8 8 8 8 8 8 8 8 8 8 8 8 8 8 8 8 7 8 8 8 8 8 8 8 8 8 8 8 8 8 8 8 8 8 8 8 8 8 8 8 3F
8 8 8 8 8 8 8 8 8 8 8 8 8 8 8 8 8 8 8 8 8 8 8 8 8 8 7 8 8 8 8 8 8 8 8 8 8 8 8 8 8 8 8 8 8 8 8 8 8 00
8 8 8 8 8 8 8 8 8 8 8 8 8 8 8 8 8 8 8 8 8 8 8 8 8 8 8 7 8 8 8 8 8 8 8 8 8 8 8 8 8 8 8 8 8 8 8 8 8 3F
8 8 8 8 8 8 8 8 8 8 8 8 8 8 8 8 8 8 8 8 8 8 8 8 8 8 8 8 7 8 8 8 8 8 8 8 8 8 8 8 8 8 8 8 8 8 8 8 8 00
8 8 8 8 8 8 8 8 8 8 8 8 8 8 8 8 8 8 8 8 8 8 8 8 8 8 8 8 8 7 8 8 8 8 8 8 8 8 8 8 8 8 8 8 8 8 8 8 8 3F
8 8 8 8 8 8 8 8 8 8 8 8 8 8 8 8 8 8 8 8 8 8 8 8 8 8 8 8 8 8 7 8 8 8 8 8 8 8 8 8 8 8 8 8 8 8 8 8 8 00
8 8 8 8 8 8 8 8 8 8 8 8 8 8 8 8 8 8 8 8 8 8 8 8 8 8 8 8 8 8 8 7 8 8 8 8 8 8 8 8 8 8 8 8 8 8 8 8 8 3F
8 8 8 8 8 8 8 8 8 8 8 8 8 8 8 8 8 8 8 8 8 8 8 8 8 8 8 8 8 8 8 8 7 8 8 8 8 8 8 8 8 8 8 8 8 8 8 8 8 00
8 8 8 8 8 8 8 8 8 8 8 8 8 8 8 8 8 8 8 8 8 8 8 8 8 8 8 8 8 8 8 8 8 7 8 8 8 8 8 8 8 8 8 8 8 8 8 8 8 3F
8 8 8 8 8 8 8 8 8 8 8 8 8 8 8 8 8 8 8 8 8 8 8 8 8 8 8 8 8 8 8 8 8 8 7 8 8 8 8 8 8 8 8 8 8 8 8 8 8 00
8 8 8 8 8 8 8 8 8 8 8 8 8 8 8 8 8 8 8 8 8 8 8 8 8 8 8 8 8 8 8 8 8 8 8 7 8 8 8 8 8 8 8 8 8 8 8 8 8 3F
8 8 8 8 8 8 8 8 8 8 8 8 8 8 8 8 8 8 8 8 8 8 8 8 8 8 8 8 8 8 8 8 8 8 8 8 7 8 8 8 8 8 8 8 8 8 8 8 8 00
8 8 8 8 8 8 8 8 8 8 8 8 8 8 8 8 8 8 8 8 8 8 8 8 8 8 8 8 8 8 8 8 8 8 8 8 8 7 8 8 8 8 8 8 8 8 8 8 8 3F
8 8 8 8 8 8 8 8 8 8 8 8 8 8 8 8 8 8 8 8 8 8 8 8 8 8 8 8 8 8 8 8 8 8 8 8 8 8 7 8 8 8 8 8 8 8 8 8 8 00
8 8 8 8 8 8 8 8 8 8 8 8 8 8 8 8 8 8 8 8 8 8 8 8 8 8 8 8 8 8 8 8 8 8 8 8 8 8 8 7 8 8 8 8 8 8 8 8 8 3F
8 8 8 8 8 8 8 8 8 8 8 8 8 8 8 8 8 8 8 8 8 8 8 8 8 8 8 8 8 8 8 8 8 8 8 8 8 8 8 8 7 8 8 8 8 8 8 8 8 00
8 8 8 8 8 8 8 8 8 8 8 8 8 8 8 8 8 8 8 8 8 8 8 8 8 8 8 8 8 8 8 8 8 8 8 8 8 8 8 8 8 7 8 8 8 8 8 8 8 3F
8 8 8 8 8 8 8 8 8 8 8 8 8 8 8 8 8 8 8 8 8 8 8 8 8 8 8 8 8 8 8 8 8 8 8 8 8 8 8 8 8 8 7 8 8 8 8 8 8 10
8 8 8 8 8 8 8 8 8 8 8 8 8 8 8 8 8 8 8 8 8 8 8 8 8 8 8 8 8 8 8 8 8 8 8 8 8 8 8 8 8 8 8 7 8 8 8 8 8 3F
8 8 8 8 8 8 8 8 8 8 8 8 8 8 8 8 8 8 8 8 8 8 8 8 8 8 8 8 8 8 8 8 8 8 8 8 8 8 8 8 8 8 8 8 7 8 8 8 8 00
8 8 8 8 8 8 8 8 8 8 8 8 8 8 8 8 8 8 8 8 8 8 8 8 8 8 8 8 8 8 8 8 8 8 8 8 8 8 8 8 8 8 8 8 8 7 8 8 8 3F
8 8 8 8 8 8 8 8 8 8 8 8 8 8 8 8 8 8 8 8 8 8 8 8 8 8 8 8 8 8 8 8 8 8 8 8 8 8 8 8 8 8 8 8 8 8 7 8 8 00
8 8 8 8 8 8 8 8 8 8 8 8 8 8 8 8 8 8 8 8 8 8 8 8 8 8 8 8 8 8 8 8 8 8 8 8 8 8 8 8 8 8 8 8 8 8 8 7 8 3F
8 8 8 8 8 8 8 8 8 8 8 8 8 8 8 8 8 8 8 8 8 8 8 8 8 8 8 8 8 8 8 8 8 8 8 8 8 8 8 8 8 8 8 8 8 8 8 8 7 10
0 F 0 F 0 F 0 F 0 F 0 F 0 F 0 F 0 F 0 F 0 F 0 F 0 F 0 F 0 F 0 F 0 F 0 F 0 F 0 F 0 F 0 F 0 F 0 F 0 00
F 0 F 0 F 0 F 0 F 0 F 0 F 0 F 0 F 0 F 0 F 0 F 0 F 0 F 0 F 0 F 0 F 0 F 0 F 0 F 0 F 0 F 0 F 0 F 0 F 3F
0 0 0 F F F F 0 0 0 F F F F 0 0 0 F F F F 0 0 0 F F F F 0 0 0 F F F F 0 0 0 F F F F 0 0 0 F F F F 00
F F F 0 0 0 0 F F F 0 0 0 0 F F F 0 0 0 0 F F F 0 0 0 0 F F F 0 0 0 0 F F F 0 0 0 0 F F F 0 0 0 0 3F
0 0 0 0 0 0 0 0 0 0 0 0 0 0 0 0 0 0 0 0 0 F F F F F F F F F F F F F F F F F F F F F F F F F F F F 00
F F F F F F F F F F F F F F F F F F F F F 0 0 0 0 0 0 0 0 0 0 0 0 0 0 0 0 0 0 0 0 0 0 0 0 0 0 0 0 3F
F F F F F F F 0 0 0 0 0 0 0 0 0 0 0 0 0 0 0 0 0 0 0 0 0 0 0 0 0 0 0 0 0 0 0 0 0 0 0 0 0 0 0 0 0 0 3F
F 0 0 0 0 0 0 F 0 0 0 0 0 0 F 0 0 0 0 0 0 F 0 0 0 0 0 0 F 0 0 0 0 0 0 F 0 0 0 0 0 0 F 0 0 0 0 0 0 3F
0 0 0 0 0 0 0 F F F F F F F 0 0 0 0 0 0 0 0 0 0 0 0 0 0 0 0 0 0 0 0 0 0 0 0 0 0 0 0 0 0 0 0 0 0 0 00
0 F 0 0 0 0 0 0 F 0 0 0 0 0 0 F 0 0 0 0 0 0 F 0 0 0 0 0 0 F 0 0 0 0 0 0 F 0 0 0 0 0 0 F 0 0 0 0 0 00
0 0 0 0 0 0 0 0 0 0 0 0 0 0 F F F F F F F 0 0 0 0 0 0 0 0 0 0 0 0 0 0 0 0 0 0 0 0 0 0 0 0 0 0 0 0 3F
0 0 F 0 0 0 0 0 0 F 0 0 0 0 0 0 F 0 0 0 0 0 0 F 0 0 0 0 0 0 F 0 0 0 0 0 0 F 0 0 0 0 0 0 F 0 0 0 0 3F
0 0 0 0 0 0 0 0 0 0 0 0 0 0 0 0 0 0 0 0 0 F F F F F F F 0 0 0 0 0 0 0 0 0 0 0 0 0 0 0 0 0 0 0 0 0 00
0 0 0 F 0 0 0 0 0 0 F 0 0 0 0 0 0 F 0 0 0 0 0 0 F 0 0 0 0 0 0 F 0 0 0 0 0 0 F 0 0 0 0 0 0 F 0 0 0 00
0 0 0 0 0 0 0 0 0 0 0 0 0 0 0 0 0 0 0 0 0 0 0 0 0 0 0 0 F F F F F F F 0 0 0 0 0 0 0 0 0 0 0 0 0 0 3F
0 0 0 0 F 0 0 0 0 0 0 F 0 0 0 0 0 0 F 0 0 0 0 0 0 F 0 0 0 0 0 0 F 0 0 0 0 0 0 F 0 0 0 0 0 0 F 0 0 3F
0 0 0 0 0 0 0 0 0 0 0 0 0 0 0 0 0 0 0 0 0 0 0 0 0 0 0 0 0 0 0 0 0 0 0 F F F F F F F 0 0 0 0 0 0 0 00
0 0 0 0 0 F 0 0 0 0 0 0 F 0 0 0 0 0 0 F 0 0 0 0 0 0 F 0 0 0 0 0 0 F 0 0 0 0 0 0 F 0 0 0 0 0 0 F 0 00
0 0 0 0 0 0 0 0 0 0 0 0 0 0 0 0 0 0 0 0 0 0 0 0 0 0 0 0 0 0 0 0 0 0 0 0 0 0 0 0 0 0 F F F F F F F 3F
0 0 0 0 0 0 F 0 0 0 0 0 0 F 0 0 0 0 0 0 F 0 0 0 0 0 0 F 0 0 0 0 0 0 F 0 0 0 0 0 0 F 0 0 0 0 0 0 F 3F
7 8 C F 0 2 D F 3 4 D 6 4 D 4 6 A 8 1 0 D C D 8 D 5 7 C 1 4 1 7 F 2 6 6 E 3 8 4 0 C 0 4 7 7 1 F B 3F
F 1 B 4 8 E 4 B 2 5 F 6 8 4 1 6 9 7 C 5 9 C E 6 0 B 8 D 7 5 0 7 A C D 3 9 C 4 5 D 9 8 A 8 F C 0 2 00
8 D 1 A C C D 3 8 C 5 3 7 1 3 D A D D E 4 7 9 4 E 0 D A 4 B 6 D F 4 7 3 B A D C F F E 2 0 7 5 E C 3F
6 9 9 E 0 7 A 7 E F D 7 E 1 A 4 3 A C E 3 D D 5 1 C D 7 2 2 6 C 5 0 B B 2 8 6 8 0 A 4 8 6 9 1 5 A 00
C 6 0 B 8 A 2 6 E D 5 A 1 C 4 5 F 8 D 3 C F 1 3 2 4 4 1 E 4 E C 2 B C 2 2 6 1 6 7 A 9 7 3 9 7 D B 00
B 9 5 4 7 9 5 2 1 0 3 6 4 2 5 B 5 E 9 2 F E C 2 C B C B 9 5 E F B 5 8 8 1 1 7 8 3 4 2 E 8 4 C F 4 3F
E C C 8 E 2 1 F 7 6 B 4 A D C 1 F B B 3 E 6 F 3 1 D 9 6 F F 0 A C B 9 8 8 4 2 6 B F F 3 0 F A C D 3C
5 D A A 6 5 6 B 8 0 0 3 7 9 F C 4 8 B E 7 B 3 7 E 6 0 C 4 7 F 6 4 3 D 3 9 3 C B A 6 5 F C 6 0 2 7 3F
7 5 F 7 C 2 5 3 2 8 2 6 A C 8 9 4 D 2 B 1 9 4 4 5 C C 4 8 1 E F 5 8 8 C 1 8 D 9 8 0 E 2 5 A 7 9 9 00
2 0 F C 2 A 8 B 2 B B F 4 6 2 0 0 7 2 B 3 A 8 5 7 F F 4 F 3 C 5 A A D 6 F E 0 1 1 A 5 2 1 E 9 0 4 00
A 4 C 4 A 1 C B 8 A 1 9 7 0 0 6 B A 2 2 4 6 2 0 5 1 3 3 6 6 0 7 E E 2 5 A 0 9 D C 0 4 1 8 F C C C 3F
5 F 2 2 6 7 5 7 D 7 6 A 1 E E 0 9 F 1 2 1 E 7 F 1 A A 8 9 2 0 9 C E C 7 E 0 A 8 B D 2 C 0 7 1 3 F 00
6 A F F 1 5 F C 6 1 A 2 E 4 7 8 7 8 C 7 5 6 C 9 7 F 4 7 F D 9 0 8 6 F 8 9 9 6 4 8 6 D F 7 A 3 9 2 3F
1 3 0 D 3 E 2 A F 1 0 4 5 7 0 1 A 1 0 6 1 2 1 7 4 D 9 5 C 3 4 2 4 6 D 5 B D 2 B C 5 D C 2 2 A 6 3 00
F 3 2 7 5 8 5 7 7 8 E 3 6 C E 4 F E 4 8 B 4 3 2 7 7 B 6 7 9 B 7 2 0 8 D 9 0 1 D 4 D 2 E 2 A 7 2 5 3F
7 3 7 1 A F 6 7 A E 3 2 5 F 8 1 6 F 1 3 F 0 B 8 D E 5 4 F 9 C 0 F 6 3 A 7 B 6 4 9 E 4 A 1 2 7 0 A 3F
9 6 C F E 6 9 4 1 D 6 7 6 4 B 4 0 F B F D A F 4 2 B A 3 F 5 F 8 2 6 2 5 8 F F 2 A 9 6 0 8 1 D 3 C 00
F 7 B 6 D B 0 6 A 7 7 7 6 8 B 4 4 7 8 7 4 B 6 9 8 C 2 2 4 F 6 0 7 4 C 0 A 0 8 C D 1 3 2 1 0 6 7 2 3F
D 8 C 9 8 2 6 B 3 8 A 6 F E 9 D C 3 3 2 1 E 6 2 4 C 5 5 9 5 6 8 5 E B 0 D 2 8 B 3 6 E 4 1 F 6 4 E 00
B B F 1 C 9 B 9 B B C 5 4 7 A 5 C B E A E 6 E A 1 4 6 B 7 5 E F 6 3 4 4 0 9 4 A C 4 0 9 2 9 4 D 8 00
A 5 6 E 9 3 1 8 D C 0 E B D F 2 0 C F A D 6 E 0 1 2 4 B 4 1 E 5 E 4 B B 9 5 A 1 5 5 D 5 2 B 7 5 D 3F
B 4 8 F E D B 9 6 2 7 6 7 2 D 2 2 5 6 1 8 3 6 2 9 A 7 3 6 D A 0 5 9 9 0 B 1 2 A 5 A F 5 F 9 F C 0 3F
5 D C E D E 0 B 3 A C B E 9 6 C 3 8 F 3 B 1 F E 9 C 9 2 6 D 4 4 B A 6 5 C 3 5 2 4 1 4 1 9 1 0 1 2 3F
D B 8 5 2 8 8 8 8 8 7 1 3 1 6 9 D 6 6 F 8 6 E A 3 D B 2 7 8 C 6 5 9 8 8 5 3 D E E 1 A 5 F A B 9 D 00
3 E 6 4 6 F 2 6 D 7 2 2 F D B 5 0 B D 3 1 5 4 6 6 3 F 0 B C 6 F F 3 3 2 1 5 3 1 8 A D 5 4 8 8 E 8 00
D 1 E 6 E 1 9 8 8 3 0 2 1 9 8 6 D 6 6 0 0 F 3 2 C D 2 8 3 9 4 5 9 E D 0 3 E 9 4 8 F 7 0 9 C D B 3 3F
7 7 B 1 1 8 1 C 7 F 3 7 E 4 3 9 A 5 D 1 A 8 E C D E 0 F 1 5 4 4 1 1 4 6 3 C 0 3 F D E B 8 3 C A E 00
D E E 0 2 9 D D C E 3 D 4 0 F 9 5 6 4 B B 5 2 5 7 C 5 7 8 2 9 6 A B 6 5 E C D B E D 7 E B C 6 6 4 00
1 A F F 6 C B 4 9 3 E C A B E D 7 2 E D 9 6 3 4 E 5 2 F E F 8 1 E 5 C B F 0 F 0 2 0 3 D F 5 A 5 E 3F
C 8 5 2 B 9 5 E 4 0 6 8 2 3 1 F D 7 D E 7 D B C D 4 6 8 B A C B 1 5 2 F C 8 B 1 2 A D B C 6 5 8 5 3F
3 1 D 7 6 1 F 8 9 9 2 9 A 1 B 9 D C 5 2 D 9 C D 9 3 7 E 3 F 2 B 9 D 4 4 3 A 4 E 4 0 4 D 2 3 2 C A 00
A 5 C 3 6 3 7 6 E 8 1 3 2 A F 3 E E 2 0 F E 4 2 E B E 1 0 9 0 4 5 F E 5 C E 6 F D 9 4 3 5 E 3 5 F 00
A C 1 7 C 4 D F 7 6 7 3 1 6 5 B 2 C 2 1 E F 5 A 3 0 3 D D F D D 9 0 B 7 D 9 5 E 9 8 4 1 1 E 0 F 0 00
7 6 0 E D A B 8 F D 0 4 6 A 4 9 1 A B B 5 1 0 7 2 2 C D 9 1 3 E B 3 2 8 A 9 A 3 0 2 8 B B 9 C 7 B 00
0 E C C D E 8 6 8 0 E 2 E 4 8 0 0 1 1 8 2 4 3 4 D B E D 3 D 0 5 1 B 9 D A 2 E 3 F A 4 4 4 3 F 5 E 3F
0 9 7 E 0 D 3 3 3 5 5 5 2 8 7 6 B 1 5 C E 0 D C 4 E 0 D C 9 3 4 5 9 9 D F F 4 F 7 B A 7 A 3 3 1 9 00
D 8 9 A E 1 9 2 A F E D E D D E 4 F C 6 E C F A F 8 F A D 5 D D 6 6 A 2 F 0 2 A D 3 A F 2 3 4 5 9 3F
F D 8 9 E F C C 1 4 3 C 6 0 E E 5 F 7 5 7 8 5 A C D 0 6 3 E D 4 9 3 8 F 5 3 2 5 7 A F 5 9 F 9 8 F 00
F E 3 F C F 6 A D 4 D A F 5 5 C 0 2 2 7 6 D F 7 9 9 6 1 D 4 B F A A B 5 B 8 C C 9 C 0 D F 4 9 3 8 3F
A E 8 A 9 E 3 2 5 6 C 1 5 1 C 5 0 B F 5 3 A 7 0 E 2 4 5 3 9 F B E 7 8 5 0 A 9 0 4 0 3 B E B 9 E 7 3F
6 1 7 5 8 D 2 4 2 5 5 9 A 4 4 8 C C 5 4 3 7 9 9 D 5 7 3 7 1 7 9 1 E 0 0 1 D C F A 8 5 F A B 7 8 D 00
7 A 7 C A A 3 4 B 3 7 7 A 1 F 6 3 B 6 1 4 7 0 8 9 5 A 9 F 9 9 A 6 1 E 6 0 2 4 B C C 2 8 5 3 D B 5 00
1 3 7 E C 1 0 D 6 5 C 3 C 7 2 7 D F 9 C 4 7 3 8 6 5 2 F A 6 4 E 2 A 8 E D 5 A 6 0 5 9 D F F 1 D 3 00
7 8 D B B F 8 3 2 D 3 5 B 6 3 6 8 9 C 3 A D 9 C 4 C 1 A 0 5 0 6 3 4 8 A 6 1 3 8 4 0 7 D C 0 A 3 0 00
8 7 2 2 6 D 1 E 7 8 F B 5 A A D 8 4 9 3 9 B C F 1 3 D 9 2 8 A 5 4 C F 2 7 5 2 6 3 F 3 A 7 B 9 F 8 00
3 7 9 5 1 3 2 D B E D 3 A E 9 A C 0 F D E 1 C D 6 2 C 2 3 A E E 4 0 F D 4 1 4 4 5 8 7 5 3 F 4 2 E 3F
A E 4 2 8 7 0 6 A D D A 4 6 4 C 2 9 6 3 2 C 1 7 A E 2 A F 2 5 C C 9 E 8 9 6 1 A 9 1 7 8 7 E 5 3 D 00
2 0 6 1 8 9 6 2 7 7 A E C E 0 F 6 E 9 A 0 0 F 5 A D 7 F 7 0 2 7 1 D A 1 E F C D 0 8 0 5 8 7 9 A 9 00
C E 3 E C F B 5 5 7 6 F 8 B A 0 D E 6 9 2 3 E 5 D 9 6 A 4 6 9 B 6 8 1 F 0 D B 2 3 1 3 D F 9 8 F 4 00
6 A 2 0 0 F C 4 1 9 A 7 9 4 B 9 F 0 3 0 7 1 C 2 3 C 1 9 2 F E 9 C B 3 F 0 E A 5 5 F 3 E 3 E 7 E 5 20
C F A 9 C E E E D E E 7 7 9 8 8 1 0 6 F 5 2 B 8 9 A A C 8 8 F A 4 D C A 5 A D D 8 1 8 8 B 0 F 2 C 3F
0 F D 9 5 7 8 2 C 9 B 2 E 8 7 0 B D D 2 1 3 7 1 1 6 8 0 5 8 D 9 7 2 2 7 D C 6 8 0 6 4 C 6 4 0 7 2 3F
6 4 6 5 1 7 9 4 1 5 0 7 C 5 A B E C F 0 1 2 2 1 1 5 9 5 0 B 8 B D E 7 A 3 9 B F 5 A 3 6 E 4 7 0 0 3F
F 3 C 2 6 1 E C C E 7 0 F 4 E C 7 1 6 D 2 9 1 E 5 F 3 0 1 4 B 7 F A A A E 6 D 0 A 7 8 D 5 6 7 7 5 1C
C 2 E 7 A A 7 9 5 B 8 5 1 0 8 3 7 4 1 8 C 6 2 A 7 3 7 7 5 0 E A 5 D 8 D 6 D 7 3 4 F 8 8 E 2 6 1 2 00
1 B A C A 9 C 6 A E 8 D 2 D B C 0 7 A 3 2 D 2 3 E 2 E 8 B 5 3 0 7 3 5 E 1 2 3 2 0 7 F E 3 1 6 0 3 3F
3 A 1 9 9 C 6 0 C 3 B 9 F 9 6 D 2 1 B 5 4 6 0 8 7 5 A B D 1 4 0 0 5 6 1 3 6 D 9 E 1 4 7 F 8 9 9 A 3F
0 A C C B 1 4 E 7 0 B 3 D C 3 A C 5 6 F F 0 E F 5 9 5 E 7 C F B 2 6 8 9 A F B F 1 3 9 A 7 2 5 1 F 00
A 1 A B 3 3 8 F 0 8 2 7 A 3 5 8 2 D B 1 6 A 1 2 1 3 F D A 1 C B 8 0 6 8 1 9 8 2 1 C 1 3 C 7 5 3 7 00
C 3 4 4 4 1 0 E E 4 0 6 5 F A 3 5 0 9 4 5 C E B 2 D 0 2 1 6 8 4 9 F D 7 F 9 6 2 D 0 6 E 5 9 2 B D 00
0 5 E A 8 8 0 F 6 4 A 8 3 C 5 3 D D F 8 8 1 B F 7 6 4 7 1 C 9 F 2 3 3 2 A B 9 A 0 7 1 A 5 F 5 D B 00
9 7 E 9 E A C C 1 3 8 8 9 8 E 4 8 D 9 B B 6 1 A 0 5 0 7 1 D 4 F 0 4 9 5 9 5 7 3 0 D 8 D 2 A 0 E C 00
3 E 3 1 9 A 1 0 F 9 8 9 5 9 9 F 3 9 D 2 0 E D 4 C 8 3 6 4 C 9 1 7 5 D 7 E 9 4 E A 4 3 5 3 A 0 3 A 3F
8 C 5 7 9 C 9 F A 2 6 1 3 6 0 F 9 7 3 1 0 F 6 B 4 F A 8 4 8 5 D B 8 A A 2 F 9 3 E 6 E 6 D A 4 5 F 00
9 3 8 6 9 1 D 9 E B 4 B 7 0 E F F 4 1 B 1 E A C C 8 6 8 F 2 6 6 B D 4 A 4 A E A 4 5 E F C 5 6 2 4 3F
A 2 2 E F E 9 0 1 9 0 2 9 5 0 D 0 2 6 9 7 3 D F 2 F D 2 6 B D 5 2 B 0 3 6 C 3 B 7 A D 9 E 7 1 F 4 00
B 4 2 2 B 7 9 0 3 3 E 1 C 7 8 F 5 2 8 E F 5 A B 3 D 2 9 B B 4 A D E 0 C B 6 F 4 6 2 4 8 5 3 D 3 2 00
E F B 8 8 7 D 2 8 B 6 8 A F 9 F 3 B 5 4 8 4 3 A E 2 0 5 E 0 F 7 9 6 3 A C 2 7 9 B D 5 D 3 6 F C 1 3F
6 0 6 C 2 C C 4 0 5 5 B F 9 6 A 2 6 6 F 3 2 9 A 2 3 7 5 0 4 5 D 8 9 8 5 A 8 C 7 0 8 F 3 3 5 E 7 F 00
1 F 0 F 9 A 3 E C 3 0 D 3 0 A 4 2 F 6 6 4 4 4 3 3 1 F D 5 9 1 E E 8 2 5 B 5 A F B 3 C 5 2 D 0 7 6 00
1 7 C 3 2 C 5 1 8 7 E 8 E 0 B C 8 5 8 7 1 2 8 6 F 7 C 9 E 0 9 6 9 7 2 F 5 9 2 A F 7 D 7 E F 7 6 0 3F
F 5 9 6 E E 9 A D 9 D 8 6 C 5 5 F 0 5 5 C E 2 C 7 0 6 6 4 7 3 C F 6 A 7 7 2 9 B D D A B 2 6 3 D E 3F
4 8 C 9 8 2 F 2 3 3 2 5 0 8 4 5 C A 9 6 F 8 C F 0 0 F A 6 B 4 2 1 D 6 1 3 C 6 3 6 6 5 6 B 9 5 A C 00
0 1 D 0 8 0 E 4 2 6 7 E F 7 A B 8 3 7 9 E 5 0 C F 2 7 3 D F 7 C D B 1 A 6 6 C 6 F 7 8 6 1 0 B 2 A 3F
A 2 5 3 1 8 F 2 4 E F F 0 C 2 D C 5 D 1 B B C C 5 B 3 2 A 0 7 8 E 2 6 4 3 7 B 4 6 E 6 5 D 8 7 F E 3F
A A 6 E C 3 3 7 1 A 0 6 A A A 0 A C A E 9 D F 7 7 9 1 C 3 5 6 E 9 7 5 6 6 3 4 8 B 9 D 8 5 2 C D 3 00
B F 2 5 0 A 5 9 F 1 0 9 1 0 0 7 7 8 6 F F 2 E 0 6 A 7 4 8 8 0 4 1 B 7 2 C 8 A C 4 E 1 5 2 8 2 F C 00
2 C D 2 B 1 F B 7 0 7 7 8 E 5 1 0 7 9 8 6 E 8 D B 2 6 1 2 5 D 7 F 6 3 B 9 7 6 3 B 1 0 0 E B D F 2 3F
B A C 5 F 3 D D 7 C D 9 D 9 6 D B 5 9 7 B 3 4 7 B 2 E 5 C A D 4 5 A 5 C 3 A 7 7 A 6 4 1 9 C 3 F B 3F
3 6 B 2 9 C D C A 5 3 E 2 6 5 D 2 A 9 4 1 1 A 0 C 5 0 3 E 6 D 0 0 3 8 2 0 0 7 D 1 3 9 A 1 E 1 B F 3F
C C E A 2 C 1 3 C 1 3 5 A C 9 C 5 B 2 6 1 8 B B 4 9 E 3 4 7 4 E E F F 1 7 1 4 0 A 8 2 E 8 8 5 5 5 00
E 9 3 B 8 5 E 4 D 4 2 4 4 7 6 C C 6 A 6 8 6 6 4 4 8 9 0 C 6 5 4 4 4 0 7 1 4 2 F 6 1 C 1 6 A 2 1 2 20
D F B 9 B 4 F D B F 1 8 F 7 2 6 5 6 6 D 7 B 4 E 2 0 4 2 4 8 9 9 C 6 9 8 E E 6 9 3 4 2 7 4 4 9 A 0 00
9 C B 5 F F 7 8 0 4 7 B 8 1 C 2 E C 2 A E 3 2 F 9 F 0 6 D 6 6 2 3 2 F 6 1 E 5 6 7 A 4 7 5 F D 8 3 00
A 8 3 3 5 9 1 4 E 5 E 8 3 4 7 B 3 3 2 D 6 B 6 2 6 8 A 1 2 2 A 5 8 B B 9 5 8 3 2 E 4 0 A E 7 9 5 4 3F
1 1 0 3 E F 6 8 E 9 3 A 9 5 4 F E 1 3 9 8 1 F 3 B F 8 B 5 0 8 7 0 D 2 C 4 0 0 C 3 C 6 F D F E 1 0 08
3 7 C A 6 C 5 2 B 0 8 3 E 5 A 2 F 3 A A F 3 4 3 C 4 B 7 D 3 7 7 1 E 6 D 8 C 9 F 1 E E 8 B B B 5 A 3F
8 B E 1 8 1 6 0 A 6 7 D 1 8 6 5 2 1 E 2 B 4 7 A 1 3 1 0 4 5 8 7 1 4 5 2 2 5 1 1 1 A 1 5 D D 2 D 1 00
8 D 5 F 7 B D 1 3 2 7 2 8 1 8 7 D 0 5 C F 6 8 3 8 1 1 9 7 C 0 9 9 3 8 C 2 8 B 9 A E D A E 1 E B 3 3F
4 D C 0 8 7 8 D 2 F 0 C F 4 0 C 0 1 7 2 E E 8 E F C B C D B D 2 F E F 0 5 7 B 1 8 C F 5 9 D 6 9 0 3F
8 B B 0 3 A 9 4 C A 1 F 1 5 F 8 3 8 4 2 1 B 0 B 3 C 4 3 D 1 9 6 2 1 D 4 B 0 9 6 3 5 1 5 5 6 3 0 C 00
6 C A E 5 0 9 0 C E 8 E E B C F 8 1 1 6 7 F 0 5 F 6 0 9 3 3 2 8 D B E F B 3 D 0 4 E E 3 1 E 4 4 D 3F
C B 7 E E D F 3 8 6 D F C B D C 8 1 6 F 3 8 B 2 E 9 9 E 9 8 0 F 0 E C 7 1 F 6 C 5 4 8 1 2 0 C 8 7 00
C 6 2 A 3 8 F 7 C B 5 3 F 9 7 8 4 A 5 B 4 7 B 2 5 1 9 9 9 8 8 9 7 C 5 3 3 0 1 9 B 3 0 3 B 0 C D C 00
1 A 3 F 4 6 C 7 C 4 B 0 C 7 3 7 7 7 6 0 1 2 1 4 F 6 1 3 A 5 6 4 C 1 2 E 2 9 8 F B 9 A 9 9 5 B C F 3F
7 7 D 1 7 2 B 0 A F 6 0 1 A 3 D 7 E 7 3 3 8 4 D 5 3 8 4 1 3 6 8 A D D C 8 3 F 7 B 6 C C 2 5 8 9 0 00
B A 7 5 1 E 1 2 B 1 5 6 6 2 B 8 A 6 D 0 C 3 9 2 6 2 5 F A 9 3 C 1 6 2 2 9 5 9 B 2 6 5 0 0 8 B 8 4 3F
A 9 0 D E 1 7 C 5 7 4 C D 9 4 6 4 0 E 7 7 D 0 D 1 3 C 5 5 2 4 5 4 F F 7 7 3 E 4 C F C 7 C D 4 8 D 00
C 7 9 2 0 4 3 8 4 7 E F E 9 5 9 5 0 D 1 B 4 3 7 2 E 2 0 C B B 9 5 3 9 E 3 6 9 D 2 4 5 9 C C 1 D 5 00
5 0 3 F A 1 A 2 0 B 9 9 F D 3 A A 9 E 2 6 8 D 7 E 4 0 2 4 F 3 4 E 2 9 C 1 7 6 C 4 2 F 4 E 1 D 5 1 3F
7 6 6 7 2 5 5 E C 7 4 C 0 9 B 6 4 1 1 D A 7 F 1 8 7 1 0 D 5 1 E 2 5 9 5 1 4 0 9 4 7 A 6 F D 7 7 8 00
D F 6 6 5 8 2 6 1 8 9 A 5 C 2 F 8 9 B 8 A 9 0 5 5 0 A B 6 D 7 7 C 1 2 D 2 E C 1 E D 2 1 0 B D 6 9 3F
1 3 B 0 0 8 1 2 B E 2 E F B 4 F 1 4 9 1 0 A E 3 4 B 8 1 D 5 A A F E D 1 8 7 8 F B 0 F 7 8 B 3 7 9 00
D B 6 1 4 F 0 F 7 7 F F E F 0 E 0 1 0 9 D 2 5 6 4 6 B A 5 5 6 5 B F E 1 2 0 3 A 3 9 F A 8 F D 6 3 00
7 D D 4 F 9 C 3 B 8 0 C 0 2 A F 6 D C B 3 C 1 4 C 1 C 5 8 2 3 5 E C 0 2 A 1 D C 0 E E 6 9 3 C E B 3F
0 B 5 6 C 9 B 2 C 5 7 C B D 4 A D 5 C 0 F B C B B 5 3 6 9 5 1 2 E F C 4 8 1 D 8 D 3 5 A A 2 2 9 0 3F
C C 4 3 1 6 D 7 1 F 1 C D 8 1 C 1 3 F 1 1 4 A 9 3 5 E F F 8 B 9 9 B 9 8 5 2 E 3 A 7 5 4 A 3 2 5 B 3F
C 6 D 1 4 1 3 D 0 1 0 F 5 8 3 5 8 5 2 3 A 0 8 6 E 7 C 2 1 C 8 3 5 F 0 5 8 7 F 6 2 1 0 1 3 3 6 7 4 3F
9 B F 4 C D 4 2 5 2 D F E 1 C C C 1 8 2 0 9 F D 2 9 4 F 0 F 2 2 9 7 1 7 7 2 C A E D 2 B C C C 4 B 3F
9 8 2 9 C 0 E A 7 5 8 C B 3 E 7 1 F C A E 1 3 6 4 6 7 1 9 A 7 B 9 C 6 E 6 A 4 C A 8 F 1 F 8 6 4 0 00
6 A D F 1 F 0 A E 5 1 1 8 7 0 A 9 B B A 0 C B 1 6 8 7 7 3 8 B 7 8 9 4 1 F 0 6 6 1 9 E 6 E 8 3 6 7 3F
D D C 3 2 C 9 C 8 E 0 F 1 6 D 0 B 2 2 9 9 5 E 2 8 E 9 2 A 3 8 A E D 4 F 3 E 1 1 7 1 5 7 7 0 2 2 7 3F
C 7 F 4 E C E 8 7 9 0 F 6 E 9 A 7 0 9 A 0 4 6 3 B 9 B 2 3 B D C B 2 E 2 1 E 6 0 5 C 5 B 8 B 8 0 5 3F
F 9 3 D D D 8 0 5 C 2 F 0 1 3 C 1 E 0 A A 8 F C 8 B D A F 6 1 4 6 2 6 E 3 C B 7 8 C 2 B F 5 1 0 0 00
B C D 6 8 A 0 0 B 1 5 4 C 5 F 8 3 5 9 3 D F B 2 3 8 7 3 E C 4 9 C 9 E 6 2 7 1 F 1 6 5 A B 1 4 8 B 00
C 6 7 1 B 1 A 5 1 D 7 0 0 8 1 A A A 3 E 0 D 7 6 B 6 4 6 3 7 3 B 0 4 0 0 7 1 3 A 6 A E 0 C 1 D D E 00
1 A 1 7 3 1 B B 4 1 A 4 0 4 6 F 2 D C 4 6 5 A 7 5 0 D 0 1 9 A 8 8 A 9 E 5 2 1 E 9 3 D E E 2 3 6 2 00
B C 3 D 1 C 4 9 5 A E 6 4 1 A B D 4 0 D 4 B E 4 9 5 2 3 7 1 6 6 D 9 C B 5 3 F D 0 C E F 1 6 8 A 6 3F
4 D D 7 3 4 3 B 8 6 0 6 D D B 5 F 8 8 C 2 D F A A B 6 1 9 8 2 9 C 2 A E 1 A 1 1 D 1 6 1 1 2 8 9 1 3F
1 5 6 3 4 A A D B 7 A F 9 9 8 0 C C 8 F 3 A 1 0 9 B C 1 B 9 B 7 C D 1 0 D 7 0 4 8 E 6 7 2 1 9 7 1 3F
8 0 6 B 8 E D 7 B C E F B B D 6 3 F 8 3 7 3 F A B D E 4 2 5 5 0 7 1 F 5 2 1 5 0 8 C 5 E 6 2 5 5 2 3F
0 4 6 C 1 4 9 6 A 6 B E 1 B C 7 D 3 4 1 F 0 5 7 4 F 2 1 F 1 F 4 C 7 4 1 2 D D 8 D B B A 0 F 1 5 9 3F
C 0 9 D 0 F 3 F 2 D F 0 8 1 E F 3 8 6 1 8 0 A 1 C E 5 4 0 B A E A 5 A E F E 1 1 D 2 A E 5 D 1 D C 00
A 1 F E 6 B D 6 C 4 6 7 4 7 1 A F B D 4 B 2 4 F D 4 3 D A D 2 7 7 7 9 2 B 5 E 7 F 7 C 1 0 7 6 F B 3F
3 D 8 0 C 6 0 E D E 8 E C 2 F 5 0 E 3 E 1 F 3 B F B 6 4 0 B D 4 C D 0 9 2 4 8 2 4 1 2 2 F E 7 5 C 00
9 0 2 8 E A F D 8 E F E F 0 A 1 2 1 A 7 2 C E B E 4 2 B 5 2 A 5 3 A D D 8 E A D 7 9 C 0 C 9 C 6 5 3F
3 5 5 3 8 E C 1 2 5 B 0 C A 5 F E 8 B 0 0 5 F A C 2 B 8 7 5 B 0 C C 6 4 2 2 3 A 4 7 0 5 7 1 A F B 3F
9 4 7 9 9 F 7 D C A D 4 4 D E A 4 E A 7 F B B 7 0 5 9 3 D D 0 3 3 7 6 6 6 A F 4 1 A 2 D A 1 1 0 9 00
A A 8 8 A 6 1 7 A 5 6 6 D 5 F 4 0 2 4 8 C 9 F 8 C 8 6 C 9 E 1 0 7 6 6 7 3 1 E 5 5 6 7 0 6 6 E 1 4 3F
6 A 3 3 1 C 1 5 8 9 0 E 6 8 0 1 B B A C 2 7 5 6 B 9 2 A D 3 A 4 F B 9 7 0 E 6 D B 1 7 A 5 F 4 2 B 3F
5 2 9 C 3 4 2 9 4 E 8 9 5 D 7 1 2 8 E A 3 2 0 B 0 A 9 7 0 C 7 0 1 E 9 1 7 C 0 2 7 0 8 9 E 8 9 B 4 00
D 8 7 0 8 D 9 1 5 3 C 2 C 3 2 1 B 0 3 2 4 4 9 D 7 3 9 C 3 3 C D 1 E 0 2 3 9 8 A D B 5 2 1 7 F 1 A 3F
B 4 2 3 3 2 C 1 5 B 8 1 4 A A 6 7 A 9 5 C 1 D 0 6 D 5 D C 2 7 4 1 7 D E 3 5 3 8 A 0 9 0 8 B 3 8 6 00
1 6 B 1 3 7 E 9 F 1 F 4 2 1 9 5 E 7 A C 1 6 4 1 A 9 6 6 2 5 9 E D 5 A 5 4 5 3 A 1 1 4 D 9 C E 3 4 3F
E B B F F 5 8 C F F 1 3 B 8 8 E D 2 5 1 D A 6 9 E E C A 9 E 9 8 0 A 1 D 3 6 8 6 0 B 2 0 B 7 D 2 8 00
7 C 0 C 0 1 8 5 4 3 B 0 8 B 7 7 D 0 0 B E 1 1 7 0 9 F 3 2 F 7 5 5 0 4 4 8 8 E D 6 0 A 3 F B 7 D 5 3F
5 7 E C 9 B 5 F 2 5 3 E 5 6 D 0 5 A 2 F 8 3 B E 8 D 2 5 F C 9 5 B A E 7 E 3 1 6 A 6 C 1 0 E D 4 4 00
5 7 F 8 6 5 6 0 D 0 5 2 F C 7 B 6 F 5 B 4 F F C 7 6 1 F 1 2 C 6 E 1 F 9 1 B 4 D D 0 D C D 2 2 0 C 00
4 B B E 9 7 9 A 0 3 7 B 7 0 7 D D A 4 5 6 3 1 7 9 B A E 2 F 5 8 4 4 6 1 F B 6 9 E 3 B 8 A 6 0 C 6 00
1 8 3 E 2 6 7 4 5 D 9 0 7 0 5 B A 3 9 C 2 5 6 0 9 D 9 9 7 7 2 7 D A 8 E A 2 D F 0 D 1 7 B 3 1 2 0 3F
2 F A 0 E D E F 1 6 9 9 B 1 B F 0 E A 4 6 1 2 C 5 F 1 2 C E A D D 3 E 2 5 3 C 4 A 6 7 3 3 5 8 9 5 00
9 3 F 7 2 6 E 7 3 1 3 5 E 2 9 7 B 1 E 5 C 0 C 1 5 7 5 7 8 B 6 4 3 E B F C 4 E 2 A 5 8 B 5 4 6 8 D 3F
3 B 5 1 3 9 F E F D 5 6 F D C D 9 9 1 E F 2 8 E A D E 6 F C 6 8 F C 2 5 5 A 8 1 9 F 9 B 9 E F A 6 00
A 1 E 4 F 0 5 F 4 6 C F 7 2 F 0 8 C 1 3 0 7 C 1 5 E 4 A A 5 3 E 5 F 6 A C 8 B 3 E 6 4 C F 3 8 B 5 00
8 F E 2 5 F 7 0 7 2 8 8 4 4 F B A 9 E 4 C 7 1 0 6 E 9 0 8 5 4 E C 8 9 8 0 A D B 9 5 9 1 B 9 7 7 A 3F
9 9 F A 9 5 3 0 5 B E 8 4 A 4 7 F E 7 3 A F E 6 D F 0 F 8 3 A F 2 D 2 1 C 4 B D F C 0 A 0 7 F 3 B 00
3 1 E A D A 8 A 1 D 4 B 3 8 B 6 1 3 0 F 4 7 0 4 4 A C A F 9 F E A 9 1 6 C 1 9 1 F 7 8 4 C 2 2 D 5 00
7 C B C D C 0 C F 4 8 5 5 E 7 A 3 C 5 4 9 F 3 A 7 2 4 1 C 5 3 8 B F 0 7 7 5 7 E 6 F 8 7 D D 8 7 D 00
4 B 7 3 D 4 9 2 A C C 1 3 D A 8 3 6 0 9 4 8 B 9 2 8 2 4 9 E 2 9 E F C 2 B F B A 6 A B F 4 0 D 3 7 00
9 7 4 8 0 9 4 3 B 9 A 8 0 F 5 6 D 8 A 9 9 D F 7 5 B 1 E 9 C A 6 8 4 F C A 3 1 E A 4 1 4 9 0 8 A 0 00
7 3 5 6 0 5 2 2 9 9 F F 2 0 E C D 5 3 4 1 C 5 E 3 F 4 E 3 1 E 0 0 B 0 C A 2 A 9 E A 3 6 D 2 F 5 4 00
4 A 0 A 4 F 3 1 A F A 6 A 0 4 4 9 2 1 2 C A F 9 C B B 4 9 8 C 2 7 B 4 1 C 7 8 3 E 8 9 7 8 C 0 9 3 3F
F B 3 7 3 E F 9 F 4 A 3 0 4 6 3 4 8 7 1 D 9 0 6 1 E 7 E C 4 0 3 F 6 7 8 1 B 1 F 1 E 6 6 6 8 9 9 7 00
E 2 1 2 D 6 4 B 1 A F D 5 9 B F 5 9 4 5 8 9 3 B 3 4 0 E B 6 E 9 0 1 4 2 D C 9 7 2 C 3 5 3 6 0 A 2 00
D 2 3 8 1 C 4 8 E A 7 E 7 C C 1 9 0 6 E 6 4 A D D 2 D E 3 7 7 0 6 F 5 1 4 0 9 C 8 5 F 0 4 0 F 6 3 3F
1 E 5 3 A 2 F D 4 5 9 0 B B C 0 7 2 C F 7 1 B 7 A 2 7 5 D 1 5 6 5 C 7 6 0 0 9 7 0 D D D 5 7 E 2 2 3F
1 B 0 9 E 9 0 E C 1 C E C 4 D 4 1 A 3 6 3 2 6 8 8 E A 0 0 6 6 2 F B 1 C 6 2 8 D 3 4 6 B B 2 1 7 A 00
A A 7 6 B 7 C 8 E 4 A A 2 F C B 6 F B 6 B C E 9 9 5 3 1 6 5 9 7 9 C 3 D D C 9 7 9 2 3 9 7 B 4 B 5 3F
D 5 4 9 7 5 5 E 0 C 5 F B 9 5 6 3 6 D 0 A B D 5 C 0 8 E B 3 5 1 8 B 2 C 4 C C 9 6 0 3 8 0 F A 7 E 3F
4 8 8 D A 5 4 1 C C D C 0 F 1 8 8 D 0 A 3 8 D 0 F 0 D 1 2 1 C 5 9 0 F A 4 5 E A 0 A 3 9 E 6 8 C 3 3F
A B 0 5 E 9 F 6 E 1 C 1 A E 6 D 0 7 B 3 D 2 7 F E 8 F 0 5 A 6 C E 4 6 F 2 0 7 1 8 9 1 7 4 5 9 B 5 3F
E 8 D A B F 4 8 4 B 2 6 E 5 A 8 9 7 1 F D 0 2 9 8 5 E 0 5 D 7 3 F D 4 2 7 E 6 B 6 B 6 C F 1 C 1 0 00
C 9 C 0 E 1 2 9 4 9 3 2 C 6 D 5 7 B D 6 0 6 D D 2 A F 1 8 8 3 3 C 4 4 9 F D 3 5 F 8 4 1 3 C 9 2 D 3F
6 7 4 A 8 9 4 5 7 4 7 E 9 C B 9 8 F B 1 E 3 7 0 0 4 C 9 7 3 C E D 7 1 E 6 9 B F 7 4 7 A 7 6 F 9 3 3F
F 2 5 C 3 D 3 0 0 9 C D A B 7 2 F 2 D 7 7 5 E 2 9 8 9 3 1 1 4 7 2 F A 2 3 3 1 8 7 F B 7 F 3 0 9 3 3F
5 9 1 6 A 9 6 7 F A 6 3 2 6 5 0 7 4 4 6 6 D B F C B 9 B 7 F 1 9 A F 3 F B 3 F 4 D 0 4 C 7 1 7 1 C 00
E 6 C 5 B 9 1 9 3 D 3 E 8 D C F 8 9 9 6 5 B E D 9 B 7 9 4 2 2 B 2 E 3 7 2 D C 9 7 4 2 F 1 B B F A 00
9 B B 0 4 8 8 B 6 6 A A F F 8 8 0 C 5 A 8 F C F 9 3 3 1 9 E E 6 8 2 D C 8 F 0 0 F C 0 E 4 9 A 0 D 00
3 3 D D E B 9 1 6 7 A E E 7 3 D F 3 A D 7 B 2 0 3 1 1 B 3 D 8 5 0 4 A F 5 D 5 F 7 2 B 8 E 1 9 A E 00
6 5 1 B 2 D E D E 3 F 2 E 5 8 7 8 E 9 0 C B 3 C 7 C 6 C C 5 0 7 A 2 1 8 8 4 3 E F 1 2 8 5 7 3 1 4 00
A A 1 1 2 9 1 8 F 0 5 F D 7 4 0 4 8 E 6 F 1 C C 3 E 2 B 0 7 6 D B 0 6 3 1 9 D 3 F A 2 7 A D 7 F 4 00
0 1 B 4 0 3 8 E 5 B 7 F B 1 0 5 A C E B E B 8 B A 9 2 1 3 2 F 0 0 A E D 4 D 8 4 3 6 1 8 D 5 A B E 3F
2 A 6 B 5 1 8 0 E 1 7 D 3 0 4 1 D 1 4 1 F 5 3 9 8 E 6 2 3 0 F F 9 2 6 B 3 E D 6 2 F 8 5 A 2 0 D 8 3F
A F 4 3 0 E 4 C 9 1 9 F 4 8 6 C 5 4 1 5 A 6 8 F D D C C 6 8 C 2 9 4 E C 3 A 4 0 7 8 2 9 9 0 6 6 B 00
C C 9 1 8 F F C A C 4 3 7 4 C E 7 0 4 1 1 9 A 3 2 8 8 8 E 6 0 C E 3 E C 6 6 D E E 2 8 3 0 5 5 3 A 00
4 8 6 9 C F B 4 C B 8 F 4 B 2 B F 1 A C 3 2 4 A 9 D 7 C 0 8 4 8 9 F C A 3 D 3 5 6 6 4 D D 8 8 5 3 00
4 7 1 8 A 4 B 9 8 C 8 3 B 4 F 2 A 5 7 C E B C E B 6 6 1 8 2 B 8 D 1 2 B 9 4 9 7 C 6 A 5 C D 4 0 5 3F
E 2 1 C 1 3 3 5 D 3 F F 2 C 8 B 9 C 3 C B D 7 3 3 6 3 4 A 9 0 E D 1 C A 8 A 0 7 B C 6 F 1 8 4 A 6 00
8 1 9 F D 6 0 C A 9 1 6 2 8 4 8 E 6 6 1 B D C 8 5 8 D 7 0 6 D E 0 E 4 B 8 0 D 6 0 A D 8 2 C 9 4 F 00
D 8 4 2 7 B 4 6 B F 2 D C B B D 3 A C A 1 3 6 4 D F 4 1 9 4 7 B 0 B 6 3 F 5 0 3 2 7 0 3 8 8 4 5 0 00
B 1 5 1 5 A 9 1 F F F 8 B 4 7 E 3 C 2 5 3 9 F A 6 E 4 F 2 B 7 2 B 9 6 1 5 6 6 C 8 D 4 5 4 4 9 B 8 00
E 9 D D A C 5 C 5 3 C 4 A 2 0 E 8 8 F 1 4 9 F 8 C 9 8 0 2 B 7 A F D 0 6 5 F 5 8 C 5 0 8 3 5 E 8 C 3F
9 4 5 C B E D F F F 9 8 6 1 C 8 5 2 F 8 8 1 1 B B 0 8 4 D D 3 1 2 3 E 5 3 5 9 D 4 1 E 6 E C 2 C 1 3F
E 5 0 2 F 7 6 6 E 0 F 5 6 D 8 8 7 F F 9 8 E A 2 6 5 B 9 B 2 B 7 9 D 7 4 5 3 8 F 8 3 9 7 0 0 1 5 B 3F
A B 5 2 7 C E F 4 F 8 8 B 2 6 C B 8 B E D 8 F 3 A 1 D 0 1 E 1 E 5 1 5 A F 4 A D 7 F 3 7 4 6 9 E D 3F
4 6 E F F 3 3 B 6 6 C 8 3 F B 5 6 7 F 9 D 8 F 7 9 E C C 4 6 B 6 1 7 4 7 A 2 D 4 2 B 4 5 1 5 0 B 4 3F
8 7 1 0 A 2 D A B D A 0 5 C 6 4 9 6 C F 4 5 F 3 9 D B 3 6 9 D 9 8 2 F C E A F 1 1 B 8 5 2 5 7 B A 3F
0 2 C 7 9 5 B A C 6 D 3 D B 4 B 8 A 8 1 B 3 D B 5 A 8 4 9 4 2 0 E B 9 C 2 6 3 1 0 B 4 2 2 E D 5 C 3F
3 4 E 8 3 4 1 0 6 6 F A 8 9 C 8 5 6 5 C F F 0 1 1 1 3 B 4 C 0 7 A 2 A 5 D 7 9 A D 5 D 8 1 B A B A 00
4 2 3 C 9 5 D 8 F 0 1 5 B 2 4 C 4 B 8 8 E 0 4 A 1 8 5 E 4 E E E A B B C 6 D 8 5 B 6 0 5 D C B C 0 00
8 B 6 5 D 1 A B 9 B 2 9 6 5 F 2 2 3 0 6 0 4 C 6 3 5 2 E A 7 F D 3 1 C C 5 C F A 3 7 2 E 4 B C 7 7 00
E 4 F B A 5 5 4 2 D 5 0 E A 9 9 5 A D F 6 F B B F 0 A 9 B 6 4 8 D 4 5 8 B A 0 A 6 9 B 9 3 F 8 5 9 3F
6 A D 9 8 7 B 5 6 8 5 1 F 4 3 E 0 1 3 7 B E 6 C 6 4 B 6 0 4 C 3 A 5 5 E 8 D 5 8 8 9 D 7 E B B C 6 3F
7 D C 5 F 2 A 2 C 8 1 2 4 0 5 C 6 8 C 7 2 4 3 7 7 F D 9 7 A C C 5 6 6 D 7 0 2 4 5 5 5 B 9 5 2 9 C 00
2 C A A 3 4 7 D D 5 4 5 1 2 4 0 0 A C 7 8 3 A 5 6 7 A 4 2 4 A 1 F 3 5 0 5 5 6 2 B 8 8 F 3 7 1 6 D 3F
E 3 9 C 8 E 4 2 D C F 9 1 9 5 0 D 0 2 7 B A B C A F 5 7 A 9 9 5 B B 6 3 A 4 0 5 1 D 3 8 1 2 7 A B 3F
9 0 C 9 4 C 6 7 5 B 2 D 4 6 1 1 0 3 8 0 E 4 0 D 2 A D C F C 2 A C 4 2 6 7 5 F 3 F B 1 2 9 B 4 A E 00
E A 6 A D 8 C 1 7 C A 2 5 D 0 7 9 7 4 0 C 8 0 9 1 2 4 8 6 B B 0 E D 7 9 D D A 6 2 C 2 7 4 5 E 4 0 3F
2 0 E D C C 1 D 4 B F C B 1 5 9 1 5 9 8 0 5 2 3 F 2 5 1 C 6 8 D D 9 1 4 3 E B 5 0 7 E C E 6 0 4 4 3F
6 3 8 1 E 1 C 3 E F 8 7 7 D 6 4 2 B D C 1 5 4 F 3 9 9 B 9 D 4 5 2 6 3 E 5 4 6 F C C E D A D 0 5 7 00
3 7 0 E 3 5 B B F C 1 8 A 7 1 1 E 0 3 F 5 9 2 4 9 C 7 0 2 F 6 2 E F 5 4 D E A 0 1 2 A 0 6 4 A C 0 3F
2 1 2 4 B B 8 D 0 5 4 1 C 7 8 A F C C 6 B F C D 1 0 5 1 C 3 4 F 7 E 9 C 1 4 B 0 6 2 E B 7 6 0 D C 00
6 B 7 F 5 C 1 9 2 C B 3 9 E A C 5 7 3 0 8 6 4 5 3 A 1 F 3 5 A E 1 A B 2 2 A 1 8 B 4 7 2 2 2 A D 1 00
7 E 9 F B B 3 E 3 0 C 1 4 6 2 5 C 4 4 9 1 5 A C 4 1 2 F 4 C A 9 4 9 1 4 7 3 4 6 2 8 8 B 5 B 9 3 C 00
4 7 8 D A 0 B B 1 1 1 1 9 A 0 D 7 4 3 8 E C F 2 6 6 1 9 1 C 1 9 8 2 E D A C 7 B 6 B 9 7 7 A 3 F 2 00
F C 2 3 A 3 D D 0 A 9 7 1 2 2 1 5 4 8 4 8 3 8 2 F B 8 7 B B 5 0 B 7 B 3 A 7 C 7 9 E D 8 D 9 1 A 7 3F
2 1 5 F 5 6 C 3 E D 2 1 2 2 E A 0 8 0 4 5 9 B 3 9 4 9 9 6 E D B C A 5 B 6 6 A F 7 9 0 4 4 0 F 1 2 00
3 A B 4 D 7 E 5 A C 4 5 D 5 F 6 B 4 1 8 6 9 3 F F E C B 1 D 9 3 F F 8 5 E 2 C F 7 0 7 C 2 1 5 7 3 3F
9 D 1 9 9 E 0 6 7 B A D F 0 E 5 1 6 0 E 7 D D 1 3 F 0 A 2 1 F B 3 D C 4 0 5 C 4 B B B B 4 C A E 2 00
2 5 B 0 A C 4 A F 9 7 A F 7 F 7 E 1 7 D 4 C 9 E 7 F 7 C 3 C D D B C D D 8 E 1 4 D 1 1 6 2 F F F 8 00
6 A D D 1 A B 7 D 8 C 6 D 9 B 0 D 8 2 0 7 1 C D 4 A 9 2 7 B D 7 4 2 3 E D 1 8 0 D 4 9 1 B 0 C A 4 3F
2 1 9 A 3 1 F 5 3 2 8 F B 5 4 1 D 0 5 5 6 0 6 2 6 8 9 A 3 B 5 3 3 2 4 D C 2 A D F 7 F 5 3 6 3 B E 3F
F 2 0 C 0 3 3 2 7 7 F A B D 8 3 B 1 4 C C 7 8 9 D 9 8 C 6 F A A A 5 C 2 D 1 8 B 1 4 3 4 F 7 9 8 D 3F
6 C F D 4 5 9 0 0 5 1 B 3 A 4 D 7 6 9 6 2 A 9 6 1 4 6 F C E 7 0 A 4 3 8 B 1 F D A 1 F 5 D 7 C 0 7 3F
5 9 5 3 A D 5 0 F C 6 F 9 5 9 C 0 6 C D D A D 0 C 6 A 0 0 B 7 D 0 F 3 8 B 6 D 8 5 7 0 4 4 E 0 6 D 00
E 1 9 0 D F A 0 7 6 B D B 0 D A 7 5 8 3 C 0 8 9 9 F 3 F F 2 A F A 6 B B C 5 1 6 5 5 9 0 F 6 8 B 0 0E
B F F 8 6 1 D 5 E F 1 5 C 8 6 5 6 9 C 7 8 5 E 1 6 4 A 9 7 8 2 7 E 9 F 6 A 8 8 9 E B 6 F E 3 8 F 1 3F
F E C 5 B A 1 7 C 4 9 A 3 D 3 0 5 6 5 B 6 8 8 F C 2 6 9 0 4 B E 0 7 7 D A 3 9 3 D 6 F 1 5 9 B 8 D 3F
9 D 1 C D 8 9 C D 3 8 8 A 8 0 2 C D F 7 2 6 C 9 9 9 C 5 F B 9 4 1 8 5 0 3 1 9 1 B 9 D 8 D 5 6 5 0 3F
E 0 B 7 4 B 5 9 F C 6 6 8 6 B A 3 F A 8 3 3 D 9 6 D F D 1 D 8 A 7 8 4 4 1 4 1 7 D A 2 4 0 A 8 F 3 00
4 5 F C 6 9 6 2 2 2 4 9 A D B 7 D A 3 C E 2 8 A 6 F 4 A E B 5 1 3 9 5 2 D B 9 7 B 0 3 3 A 6 2 2 D 00
5 5 F 7 3 A 9 2 0 9 F 3 D 7 1 D 2 5 9 8 2 3 5 E C 8 B 9 A 6 0 D 3 9 1 6 9 8 B F 7 6 C 3 1 C 2 9 1 00
8 6 F 3 5 E 5 2 A C 7 1 9 3 6 5 D E 0 F F A 6 6 E D 5 8 3 1 2 5 B 2 C C 0 3 D 5 F A C 8 4 C 7 C C 3F
E 9 8 B 6 0 0 0 2 E 3 8 1 5 0 0 6 D 1 C 5 0 4 9 6 0 8 4 5 2 3 9 A 8 1 D 5 F 2 8 0 6 D 2 C D D B A 00
0 D A 6 4 7 6 7 B 1 C D 3 D 3 F B D 5 E E F C 6 7 1 2 8 0 C D F 0 4 6 5 D F 1 C 9 2 8 F B 0 4 0 A 00
3 9 3 2 4 A 9 2 E F 6 A 3 9 7 A 2 1 E F 5 4 9 0 E D 8 0 7 B 9 6 D 0 1 A A 4 5 3 2 B E D E 6 2 5 7 3F
9 F 8 B E 6 5 2 8 F A 9 4 6 B 4 7 F 8 A 9 0 B A E C F 8 4 2 A 5 9 7 6 8 8 1 6 5 8 7 D 3 7 0 D 1 0 3F
8 8 0 7 2 9 4 6 6 0 7 0 6 A 1 D E E D 9 6 7 E D D 8 E F 4 3 8 0 F 5 8 D D 7 8 1 E 5 8 9 C C 1 D 9 3F
A 0 1 9 2 A 5 E C 2 1 E A E E 9 4 1 1 E 3 8 5 4 8 8 D 7 C 1 E 7 F 0 9 1 4 C B 7 1 F D C 1 2 8 9 1 3F
D F 3 C 7 E F 9 6 C 6 D 4 9 C A 8 2 5 0 E A E C B 9 2 A 9 7 4 1 B 9 9 D C 3 9 1 B 6 F 0 7 7 E 1 5 3F
4 3 7 F E A D 1 5 E F B B 0 8 7 0 F 4 6 0 F 6 7 8 C F D 2 9 6 8 4 C 3 5 4 7 B 7 E D 8 E D 2 2 D 6 00
5 A 6 5 0 5 B D 8 E 5 7 6 5 E 4 3 A 7 8 8 D D 2 E 8 4 F 1 A 2 4 0 D 5 7 3 3 0 2 D A E F 2 A 4 2 F 00
2 C A 8 2 5 C 8 8 C 2 1 3 1 C 1 8 4 4 E D 0 6 9 D C 7 6 F E B 6 F D 0 2 1 B F 3 0 6 5 9 C 8 B F 1 3F
C 8 1 3 B E 2 4 5 5 0 9 1 3 B 3 5 8 F 3 8 2 D F F 4 F D 7 5 9 B 2 A A 8 5 9 C 5 9 C 8 E C 5 D 9 A 3F
7 1 3 7 5 E A B 8 9 7 1 9 F C 0 E 2 9 1 F 9 7 7 5 E C 9 7 9 9 0 1 F 8 7 F 4 2 7 E F 5 C F 1 D 8 0 3F
6 3 2 D A 6 2 E B 5 9 E 3 3 1 E 9 6 9 2 5 4 4 1 B D 8 3 7 4 7 6 E D 0 E E 5 6 C 0 B B E 2 3 7 2 6 3F
7 E E A 3 E 7 E 3 A 3 E 1 3 2 C 0 A 6 F 4 A 5 B 8 8 5 A 3 9 7 2 F 2 C 8 F 9 4 D C C 7 C 7 A B 5 4 00
0 9 E E B 9 E 1 B 1 0 7 1 7 2 5 5 C 7 A 3 B F C 0 1 6 F 6 D C 8 7 6 1 E 5 5 A 9 D 3 E 1 4 2 E 9 E 00
E 7 1 6 2 6 8 A 2 F F B F 8 D 4 7 F 5 9 D D 0 8 3 4 5 C 3 F 4 5 A C 0 6 C C 2 3 A B 1 E F 5 2 0 5 00
F 1 8 7 3 0 0 1 5 E 9 6 8 A 5 0 9 B C B 6 5 B 5 F C 1 4 3 7 A D B 8 E 5 5 8 D D F F 2 9 F 1 D 0 4 3F
1 9 C 9 5 1 6 5 B 5 0 C 5 F 1 0 2 D A 9 9 B D B 8 C C B 8 6 1 E 8 4 E D 3 9 1 1 4 8 7 2 E D 7 A A 00
B 9 E D E 2 C A E F F B D 1 1 7 3 D C 7 4 B B 6 5 7 9 0 F A C 9 5 9 0 3 B 3 7 0 F B C 1 9 0 9 4 A 3F
7 A F 3 8 D 1 4 9 2 F 5 A 8 3 6 A 1 7 9 A B 4 E 0 0 5 4 A 3 D 7 3 2 3 6 7 A 9 2 7 C 2 1 E 7 7 A 8 3F
E 0 5 6 1 B D 3 E 2 7 5 C F E 6 2 4 E A 0 2 6 3 6 9 C 9 E 7 F F A E E 1 C A 1 1 D 3 5 8 8 7 1 6 B 3F
F 9 9 9 0 A A 7 5 3 A 5 D 4 4 3 2 2 D 4 9 5 1 B 9 E 9 3 1 9 4 B D 4 B 7 E E 7 B 1 6 F 7 F 6 B 7 B 00
C 9 3 B 9 F 5 7 A B 9 6 0 A C 4 9 5 6 F 0 F 0 1 D 3 9 2 6 E E C 7 B 0 A A 0 8 0 A C 8 4 3 C 6 2 C 3F
7 8 E A 3 C 9 C C 4 9 5 D 4 7 6 F B 0 D D 1 B 4 7 A E 8 D C 2 9 5 E B C D 7 8 7 4 3 8 C 6 F 1 E D 00
9 5 D D 0 7 5 4 0 7 8 5 1 0 8 3 2 3 E C D 7 6 8 A 6 A C 9 5 E B A B 6 5 5 4 3 9 0 5 4 9 9 7 B 6 0 3F
3 F 9 E B A B F 0 0 E 3 7 1 A B D E A F E 9 4 6 B 1 7 3 A 5 9 3 3 F 0 3 4 0 0 2 1 0 F 0 1 2 D C 3 3F
B 9 1 3 8 1 8 E D 3 8 7 F E F 6 A 7 B B C 5 F C 9 3 2 A 6 A 9 1 4 E 3 8 B C E 7 9 9 6 7 F 6 B 2 F 3F
8 F 9 7 D 9 8 6 A 8 F 9 1 4 6 6 E D F B E 2 7 1 4 D 4 5 9 E 0 5 B 1 A E B 6 F 9 0 5 3 9 5 B B F 0 3F
0 F F 3 8 1 2 4 F 4 C 4 3 E B 5 E C 6 D 0 A 0 8 0 6 F A 8 2 0 D 0 9 A 7 C A E C 1 5 7 5 4 C E 5 E 00
0 2 4 F 9 8 C E 2 2 7 4 4 2 6 6 8 9 3 5 C 4 4 C 9 C 4 A E A E F C F A A C 5 1 7 A A 4 D B 6 B B E 00
B 1 8 6 9 5 F 4 3 E D 3 C D 2 A 4 E 3 E 8 F 5 C 8 6 8 9 F 9 8 C E A F 2 D A C 7 C B 6 8 C A D 8 7 00
E B 3 3 3 2 A F 8 8 9 D 4 F 7 B 1 C 6 4 6 B F E D 3 F 1 2 C 5 0 C 2 3 5 0 3 0 F B 8 2 4 C 0 2 8 8 3F
8 E 5 4 8 D 8 9 3 4 E 3 7 D 6 E 2 E 3 C A 0 4 A 3 1 8 7 B 0 3 9 5 F 0 D 7 7 E 2 E B C 5 3 B 5 4 1 00
9 8 5 A 7 3 7 E 9 8 1 4 0 5 1 A 3 6 D 2 F 7 9 3 1 A E 6 3 4 B 2 2 1 7 2 1 5 2 6 5 C 4 5 6 0 4 4 A 3F
1 1 5 3 8 8 4 0 1 0 9 9 C B C 9 6 6 7 4 D 2 9 B 4 0 D 2 F F D F A 2 E C E 8 6 F E 6 B F 5 3 C 3 4 3F
E 1 1 2 7 0 5 1 B 3 6 1 6 7 D 2 A C F A 4 4 3 E E 1 A 3 E 5 A E 1 8 7 B 0 A 6 E D 4 5 C 4 0 2 3 F 3F
6 9 5 3 1 4 E E B 2 6 D 4 7 1 1 D F 4 C F 7 4 2 F 9 D B B 8 F 4 7 D 5 E 1 3 D 4 1 8 1 2 9 6 1 D 2 3F
3 4 E 4 E 1 6 7 0 5 9 6 D A C 3 4 D D 1 F 6 A B A 9 E B B F 4 6 E 6 9 F D 3 3 1 A B 8 D 3 4 0 0 0 3F
A 3 E E D 9 1 9 5 3 8 6 1 8 4 5 5 A 3 9 7 B 8 0 A C D 1 4 9 8 D 2 1 9 8 2 8 B 7 3 F 7 7 E 1 3 B 2 00
0 B 4 9 8 E 6 2 A F 5 A 0 F E 3 1 D 7 A 5 9 6 E C E 3 E 9 E C 6 B 9 B E 0 2 E 0 9 2 8 7 0 3 3 8 E 00
4 5 3 C 4 3 3 8 F D 5 E 5 C 0 D 7 D B 8 3 C F 6 B 4 C D 9 E D 0 2 F 7 7 0 1 8 F 5 9 8 3 E 1 6 3 8 00
A F 3 9 B D C B 9 3 7 E A 5 1 D 7 7 E 3 5 A A 3 1 B 7 0 5 9 E B 0 3 4 0 7 9 1 E E E 1 3 A F E 2 E 00
8 3 2 C C E E A 5 7 F B A 6 B E C 4 F E A 5 A 7 4 2 E 0 C B F 0 A B 3 3 A 3 8 6 2 F 4 5 F E F 6 8 3F
9 6 F B 1 0 0 E 6 7 2 1 9 6 5 C F 0 5 E 8 5 A 7 C 5 E 9 0 5 7 5 A 8 C 6 A E 8 5 9 1 C A 5 C C E F 3F
6 1 7 4 B F 6 8 F 9 7 D 2 F C C 1 8 5 5 2 C C A D 2 C 3 6 3 C 2 E 1 5 D 5 3 D F D C 5 7 9 0 9 1 0 3F
3 9 8 E 0 C 4 C 9 E E 9 E C 7 F D D 3 9 2 6 2 9 B D 7 F 9 1 8 A C 8 E 4 D 3 4 D 4 3 7 E 4 A D 2 6 00
C F 8 3 8 D D C F A 6 4 B 2 1 4 8 D 8 5 1 7 6 B B 6 0 3 4 7 A 5 1 D C 5 7 2 F 2 A 2 8 1 E 3 8 5 4 3F
B 9 B 3 4 6 E 6 6 F D 8 4 4 C 3 F C E A B 0 6 7 4 1 8 C 6 F 9 D E 3 7 2 0 D D F 2 0 4 0 8 C 6 A 3 3F
F 3 9 C 8 9 9 3 C 2 E B E F A 5 4 8 2 A A 4 A 7 2 4 7 A A 1 8 6 A 6 9 2 0 5 B D 5 6 8 2 9 6 1 C B 3F
5 8 A 3 F 3 4 9 1 D 7 D A 7 2 4 C 6 D 9 2 C 4 0 A 8 6 A 0 1 F F 9 F 2 E 8 E 7 2 1 E 4 5 6 5 6 0 E 3F
E D A 6 E 3 F B B A 9 2 9 E 2 2 7 E 9 F 6 0 E 0 7 D 0 C 3 A 8 C B C E F 6 A A F 1 3 6 C 5 9 F 3 2 00
C 9 C B A 0 5 8 6 D 2 4 2 A 1 9 3 F 3 D 0 3 A 4 4 B 2 F 4 2 B F 1 D 3 4 C 8 1 5 F 3 3 7 5 3 1 3 3 00
8 8 A 2 1 5 A D F 0 D 3 C A 3 D 1 8 5 5 7 E 3 8 3 2 3 F 2 D 0 D 0 0 1 0 A 3 1 B 1 B 6 1 9 7 C 6 B 00
7 7 3 2 2 2 D F 8 4 C 6 A C C 3 B 0 0 A 9 F E F B A 5 4 9 3 4 C 9 6 E 9 B F A 5 9 D 2 6 5 6 8 E 6 00
3 D E 8 6 8 D 5 B 4 C 6 4 4 5 A D 8 4 2 C 3 E 7 B 2 D 1 6 B B 3 1 E 8 8 D F 9 D 4 A 9 5 1 2 0 0 5 3F
F 0 D A 1 A F 7 0 3 7 2 F 8 C F B C 4 4 0 4 8 9 F C 5 3 3 D 8 E 2 B 2 0 5 F 2 0 8 C 5 0 4 A F 1 0 00
E A 1 9 8 9 B 1 F 9 8 6 1 D 5 0 D 4 2 0 3 A 7 E 6 A D 7 F 5 9 2 9 D 7 1 2 0 B 2 1 E 4 8 3 8 9 0 F 3F
E B 6 F 7 4 A D 5 8 B 8 0 2 4 E 0 1 D 1 5 4 5 9 0 A 8 E F 0 A 4 D 4 1 4 4 7 C E 7 C 7 A 8 7 8 D 3 3F
8 2 1 B 2 F C C 9 E 2 3 B 6 6 1 0 8 7 D 2 7 A D 4 1 2 D 1 F D 9 7 D 8 5 D A 9 6 4 2 9 F 3 4 9 C 0 00
A E 4 0 B 7 E 4 D 8 A 7 0 F D F 7 B C 0 7 6 0 F 7 F 9 7 2 F 1 C A 7 8 8 7 C 9 4 6 8 0 C 7 0 1 B 5 00
6 8 4 5 D 6 6 5 0 0 F 7 D 8 7 B 8 8 E A E D 1 2 E 2 6 5 B F 7 7 A 9 6 5 A 6 A 5 A 4 7 C 2 2 2 0 2 3F
6 8 C 7 6 1 4 E 2 8 6 7 F 0 B E 9 1 5 2 8 A 5 4 7 9 7 A C 4 4 4 9 C B 4 0 F 3 B D A E D 8 C D 1 0 00
9 0 6 5 9 6 9 E 8 C 1 8 A 0 9 F 4 2 1 B E 9 B F 8 2 8 E 2 B 3 A C B 0 A 5 F F 4 3 9 2 2 3 0 3 0 A 00
2 3 5 7 0 E 3 1 0 2 0 2 5 8 C 7 C 3 F 9 2 9 E 2 6 7 F 9 B 9 E 4 8 4 A 2 8 5 9 1 B 4 C 2 5 B 2 3 F 3F
1 0 6 5 4 2 1 A B 3 F 7 6 8 2 1 5 A E A E A C 5 4 2 A 5 8 F 3 C C 2 A E F 0 0 C F 2 B E 3 4 C 4 D 3F
2 6 C C A 8 C D D E B 2 D 7 6 F D 4 B 2 2 D 7 0 D E A 2 8 6 6 D 3 0 B C C 1 E A 7 6 6 6 B D 8 A 8 3F
3 A 2 D 6 5 6 5 5 C 7 1 4 9 1 4 C 5 A 7 E 4 9 E 1 D 4 A 1 2 B 5 1 C 6 7 1 D B 6 3 A 8 F 4 6 5 5 8 00
B 8 B 0 0 8 E 5 D 3 8 0 D 9 1 5 B 8 5 3 5 2 5 0 B 4 3 3 7 8 1 1 3 E 6 E 0 B E E 1 D A 8 C A 3 4 5 3F
B 4 7 1 A 6 3 C E C 6 9 E E 4 6 A 2 D 2 6 6 B C 2 6 B B B 2 3 3 4 7 A B 7 4 8 4 C E 2 8 6 4 5 5 C 3F
4 A 9 0 C 8 7 4 8 4 C 0 C 6 A 7 9 1 9 D E 8 1 A 7 4 A C 8 0 B 4 0 3 E 9 D 8 5 6 5 B 7 B 9 C 5 E E 3F
E B 0 C D D E 6 5 A B 0 4 7 1 9 6 4 0 E 2 2 E C E 0 B A 0 1 4 7 D 9 A B E C A E 0 C 9 9 9 0 B 7 7 3F
5 A 7 A 8 4 A C 0 3 F 5 6 1 F F 4 E 8 3 C E 8 9 E 9 0 F C 5 E 8 8 F B 9 C 4 E A E F C 8 1 A 9 4 7 3E
6 8 B 8 B 6 8 6 8 9 A 1 A E 6 2 0 1 4 7 C B B 4 4 0 3 1 F 7 A 8 4 F 0 1 5 7 9 8 E C 5 5 9 3 E 2 E 3F
0 D A A 2 9 3 B 6 6 1 B 9 0 7 E 0 B F 0 B B 0 9 B 9 7 A A 1 9 0 3 3 F 1 B 3 7 B 2 5 1 9 7 4 9 D 9 3F
1 B 8 A 8 F C F E D B 0 1 0 C 5 7 1 4 F C F C E 7 A D B D F C 4 A 7 9 5 8 C 7 2 6 9 4 4 2 2 1 1 1 3F
A E 1 E 7 7 1 E E D 2 7 7 F 4 5 8 9 6 F A 3 E D 0 5 6 5 7 D 0 4 8 6 3 7 1 4 5 0 B F 1 0 5 7 8 9 B 00
8 9 6 1 0 C A 5 0 0 5 0 1 9 7 A F 3 3 7 7 3 8 A F 3 D 7 8 4 7 F F 3 F A E 0 C B D 3 F 6 C 4 1 F 0 3F
